PassengerId,Pclass,Sex,Age,SibSp,Parch,Fare,Port of Entry,Survived
259,-1.565227831,1.354812621,0.403082706,-0.474278822,-0.473407725,9.661740105,0.389,1
738,-1.565227831,-0.737281045,0.403082706,-0.474278822,-0.473407725,9.661740105,0.553,1
680,-1.565227831,-0.737281045,0.479990578,-0.474278822,0.767198989,9.661740105,0.337,1
717,-1.565227831,1.354812621,0.633806323,-0.474278822,-0.473407725,3.930515514,0.337,1
381,-1.565227831,1.354812621,0.941437814,-0.474278822,-0.473407725,3.930515514,0.337,1
300,-1.565227831,1.354812621,1.556700794,-0.474278822,0.767198989,4.332898697,0.337,1
701,-1.565227831,1.354812621,-0.904351128,0.432550428,-0.473407725,3.930515514,0.389,1
558,-1.565227831,-0.737281045,0.018543343,-0.474278822,-0.473407725,3.930515514,0.337,0
119,-1.565227831,-0.737281045,-0.442903893,-0.474278822,0.767198989,4.332898697,0.553,0
528,-1.565227831,-0.737281045,0.018543343,-0.474278822,-0.473407725,3.814890568,0.337,0
731,-1.565227831,1.354812621,-0.05836453,-0.474278822,-0.473407725,3.604768218,0.337,1
312,-1.565227831,1.354812621,-0.904351128,1.339379678,2.007805702,4.631815484,0.337,1
743,-1.565227831,1.354812621,-0.673627511,1.339379678,2.007805702,4.631815484,0.337,1
342,-1.565227831,1.354812621,-0.442903893,2.246208929,2.007805702,4.6443926,0.337,1
89,-1.565227831,1.354812621,-0.519811766,2.246208929,2.007805702,4.6443926,0.553,1
690,-1.565227831,1.354812621,-1.135074746,-0.474278822,0.767198989,3.604768218,0.553,1
28,-1.565227831,-0.737281045,-0.827443256,2.246208929,2.007805702,4.6443926,0.553,0
780,-1.565227831,1.354812621,1.018345686,-0.474278822,0.767198989,3.604768218,0.553,1
378,-1.565227831,-0.737281045,-0.212180275,-0.474278822,2.007805702,3.608038268,0.337,0
439,-1.565227831,-0.737281045,2.633411011,0.432550428,4.489019129,4.6443926,0.553,0
709,-1.565227831,1.354812621,-0.596719638,-0.474278822,-0.473407725,2.401641332,0.337,1
610,-1.565227831,1.354812621,0.787622069,-0.474278822,-0.473407725,2.440127306,0.337,1
196,-1.565227831,1.354812621,2.171963775,-0.474278822,-0.473407725,2.300436803,0.337,1
270,-1.565227831,1.354812621,0.403082706,-0.474278822,-0.473407725,2.081343448,0.337,1
326,-1.565227831,1.354812621,0.479990578,-0.474278822,-0.473407725,2.081343448,0.337,1
857,-1.565227831,1.354812621,1.172161432,0.432550428,0.767198989,2.669618414,0.337,1
32,-1.565227831,1.354812621,0.018543343,0.432550428,-0.473407725,2.300436803,0.553,1
374,-1.565227831,-0.737281045,-0.596719638,-0.474278822,-0.473407725,2.081343448,0.337,0
269,-1.565227831,1.354812621,2.171963775,-0.474278822,0.767198989,2.440127306,0.337,1
319,-1.565227831,1.354812621,0.095451215,-0.474278822,2.007805702,2.669618414,0.337,1
338,-1.565227831,1.354812621,0.864529941,-0.474278822,-0.473407725,2.058537616,0.553,1
335,-1.565227831,1.354812621,0.018543343,0.432550428,-0.473407725,2.041432739,0.337,1
333,-1.565227831,-0.737281045,0.633806323,-0.474278822,0.767198989,2.440127306,0.337,0
298,-1.565227831,1.354812621,-2.13487709,0.432550428,2.007805702,2.401641332,0.337,0
307,-1.565227831,1.354812621,0.018543343,-0.474278822,-0.473407725,1.583289667,0.337,1
394,-1.565227831,1.354812621,-0.519811766,0.432550428,-0.473407725,1.631418767,0.337,1
499,-1.565227831,1.354812621,-0.36599602,0.432550428,2.007805702,2.401641332,0.337,0
216,-1.565227831,1.354812621,0.095451215,0.432550428,-0.473407725,1.631418767,0.337,1
320,-1.565227831,1.354812621,0.787622069,0.432550428,0.767198989,2.058537616,0.337,1
308,-1.565227831,1.354812621,-0.981259001,0.432550428,-0.473407725,1.543378958,0.337,1
306,-1.565227831,-0.737281045,-2.217937592,0.432550428,2.007805702,2.401641332,0.337,1
661,-1.565227831,-0.737281045,1.556700794,1.339379678,-0.473407725,2.041432739,0.337,1
538,-1.565227831,1.354812621,0.018543343,-0.474278822,-0.473407725,1.49357358,0.553,1
506,-1.565227831,-0.737281045,-0.904351128,0.432550428,-0.473407725,1.543378958,0.337,0
521,-1.565227831,1.354812621,0.018543343,-0.474278822,-0.473407725,1.233478827,0.382322835,1
505,-1.565227831,1.354812621,-1.058166874,-0.474278822,-0.473407725,1.092615132,0.337,1
258,-1.565227831,1.354812621,0.018543343,-0.474278822,-0.473407725,1.092615132,0.337,1
292,-1.565227831,1.354812621,-0.827443256,0.432550428,-0.473407725,1.184764137,0.337,1
311,-1.565227831,1.354812621,-0.442903893,-0.474278822,-0.473407725,1.025368816,0.337,1
760,-1.565227831,1.354812621,0.24926696,-0.474278822,-0.473407725,1.092615132,0.389,1
545,-1.565227831,-0.737281045,1.556700794,0.432550428,-0.473407725,1.49357358,0.337,0
413,-1.565227831,1.354812621,0.24926696,0.432550428,-0.473407725,1.16304698,0.337,1
487,-1.565227831,1.354812621,0.403082706,0.432550428,-0.473407725,1.16304698,0.337,1
291,-1.565227831,1.354812621,-0.289088148,-0.474278822,-0.473407725,0.938671236,0.337,1
257,-1.565227831,1.354812621,0.018543343,-0.474278822,-0.473407725,0.945714421,0.337,1
62,-1.565227831,1.354812621,0.633806323,-0.474278822,-0.473407725,0.961813129,0.337,1
436,-1.565227831,1.354812621,-1.211982619,0.432550428,2.007805702,1.766748532,0.337,1
219,-1.565227831,1.354812621,0.172359088,-0.474278822,-0.473407725,0.88718958,0.337,1
485,-1.565227831,-0.737281045,-0.36599602,0.432550428,-0.473407725,1.184764137,0.337,1
582,-1.565227831,1.354812621,0.710714196,0.432550428,0.767198989,1.583289667,0.553,1
850,-1.565227831,1.354812621,0.018543343,0.432550428,-0.473407725,1.145020451,0.553,1
628,-1.565227831,1.354812621,-0.673627511,-0.474278822,-0.473407725,0.920727213,0.553,1
231,-1.565227831,1.354812621,0.403082706,0.432550428,-0.473407725,1.031741892,0.337,1
830,-1.565227831,1.354812621,2.479595266,-0.474278822,-0.473407725,0.961813129,0.337,1
764,-1.565227831,1.354812621,0.479990578,0.432550428,2.007805702,1.766748532,0.337,1
370,-1.565227831,1.354812621,-0.442903893,-0.474278822,-0.473407725,0.746492908,0.337,1
642,-1.565227831,1.354812621,-0.442903893,-0.474278822,-0.473407725,0.746492908,0.337,1
140,-1.565227831,-0.737281045,-0.442903893,-0.474278822,-0.473407725,0.945714421,0.389,0
225,-1.565227831,-0.737281045,0.633806323,0.432550428,-0.473407725,1.16304698,0.337,1
699,-1.565227831,-0.737281045,1.479792922,0.432550428,0.767198989,1.583289667,0.337,0
803,-1.565227831,-0.737281045,-1.442706237,0.432550428,2.007805702,1.766748532,0.337,1
682,-1.565227831,-0.737281045,-0.212180275,-0.474278822,-0.473407725,0.895993561,0.337,1
376,-1.565227831,1.354812621,0.018543343,0.432550428,-0.473407725,1.005496973,0.553,1
551,-1.565227831,-0.737281045,-0.981259001,-0.474278822,2.007805702,1.583289667,0.337,1
454,-1.565227831,-0.737281045,1.479792922,0.432550428,-0.473407725,1.145020451,0.337,1
790,-1.565227831,-0.737281045,1.249069304,-0.474278822,-0.473407725,0.945714421,0.337,0
592,-1.565227831,1.354812621,1.71051654,0.432550428,-0.473407725,0.926933265,0.337,1
766,-1.565227831,1.354812621,1.633608667,0.432550428,-0.473407725,0.920727213,0.337,1
35,-1.565227831,-0.737281045,-0.135272403,0.432550428,-0.473407725,1.005496973,0.389,0
53,-1.565227831,1.354812621,1.479792922,0.432550428,-0.473407725,0.895993561,0.337,1
2,-1.565227831,1.354812621,0.633806323,0.432550428,-0.473407725,0.786403618,0.337,1
246,-1.565227831,-0.737281045,1.095253559,1.339379678,-0.473407725,1.16304698,0.337,0
152,-1.565227831,1.354812621,-0.596719638,0.432550428,-0.473407725,0.692159768,0.337,1
742,-1.565227831,-0.737281045,0.479990578,0.432550428,-0.473407725,0.938671236,0.337,0
660,-1.565227831,-0.737281045,2.171963775,-0.474278822,2.007805702,1.631418767,0.337,0
367,-1.565227831,1.354812621,2.32577952,0.432550428,-0.473407725,0.866227049,0.337,1
73,-0.369157507,-0.737281045,-0.673627511,-0.474278822,-0.473407725,0.831011126,0.337,0
880,-1.565227831,1.354812621,2.01814803,-0.474278822,0.767198989,1.025368816,0.337,1
497,-1.565227831,1.354812621,1.864332285,0.432550428,-0.473407725,0.926933265,0.553,1
391,-1.565227831,-0.737281045,0.479990578,0.432550428,2.007805702,1.766748532,0.553,1
63,-1.565227831,-0.737281045,1.172161432,0.432550428,-0.473407725,1.031741892,0.553,0
276,-1.565227831,1.354812621,2.556503138,0.432550428,-0.473407725,0.920727213,0.553,1
646,-1.565227831,-0.737281045,1.402885049,0.432550428,-0.473407725,0.895993561,0.337,1
821,-1.565227831,1.354812621,1.71051654,0.432550428,0.767198989,1.233478827,0.553,1
386,-0.369157507,-0.737281045,-0.904351128,-0.474278822,-0.473407725,0.831011126,0.553,0
836,-1.565227831,1.354812621,0.710714196,0.432550428,0.767198989,1.025368816,0.337,1
711,-1.565227831,1.354812621,-0.442903893,-0.474278822,-0.473407725,0.348134402,0.337,1
310,-1.565227831,1.354812621,0.018543343,-0.474278822,-0.473407725,0.497550536,0.553,1
782,-1.565227831,1.354812621,-0.981259001,0.432550428,-0.473407725,0.498975272,0.389,1
337,-1.565227831,-0.737281045,-0.05836453,0.432550428,-0.473407725,0.692159768,0.337,0
559,-1.565227831,1.354812621,0.710714196,0.432550428,0.767198989,0.954769944,0.389,1
103,-1.565227831,-0.737281045,-0.673627511,-0.474278822,0.767198989,0.907228447,0.553,0
514,-1.565227831,1.354812621,1.864332285,0.432550428,-0.473407725,0.547271396,0.337,1
586,-1.565227831,1.354812621,-0.904351128,-0.474278822,2.007805702,0.954769944,0.337,1
810,-1.565227831,1.354812621,0.24926696,0.432550428,-0.473407725,0.42049407,0.337,1
125,-1.565227831,-0.737281045,1.864332285,-0.474278822,0.767198989,0.907228447,0.337,0
476,-1.565227831,-0.737281045,0.018543343,-0.474278822,-0.473407725,0.398358346,0.337,0
458,-1.565227831,1.354812621,0.018543343,0.432550428,-0.473407725,0.395591381,0.337,1
4,-1.565227831,1.354812621,0.403082706,0.432550428,-0.473407725,0.42049407,0.337,1
384,-1.565227831,1.354812621,0.403082706,0.432550428,-0.473407725,0.398358346,0.337,1
868,-1.565227831,-0.737281045,0.095451215,-0.474278822,-0.473407725,0.36808875,0.337,0
446,-1.565227831,-0.737281045,-1.981061345,-0.474278822,2.007805702,0.999208415,0.337,1
186,-1.565227831,-0.737281045,0.018543343,-0.474278822,-0.473407725,0.358111576,0.337,0
121,-0.369157507,-0.737281045,-0.673627511,1.339379678,-0.473407725,0.831011126,0.337,0
330,-1.565227831,1.354812621,-1.058166874,-0.474278822,0.767198989,0.51868009,0.389,1
656,-0.369157507,-0.737281045,-0.442903893,1.339379678,-0.473407725,0.831011126,0.337,0
93,-1.565227831,-0.737281045,1.249069304,0.432550428,-0.473407725,0.582990404,0.337,0
691,-1.565227831,-0.737281045,0.095451215,0.432550428,-0.473407725,0.498975272,0.337,1
371,-1.565227831,-0.737281045,-0.36599602,0.432550428,-0.473407725,0.467617001,0.337,1
111,-1.565227831,-0.737281045,1.325977177,-0.474278822,-0.473407725,0.398358346,0.337,0
578,-1.565227831,1.354812621,0.710714196,0.432550428,-0.473407725,0.476839548,0.553,1
749,-1.565227831,-0.737281045,-0.827443256,0.432550428,-0.473407725,0.42049407,0.337,0
357,-1.565227831,1.354812621,-0.596719638,-0.474278822,0.767198989,0.458728501,0.337,1
263,-1.565227831,-0.737281045,1.71051654,0.432550428,0.767198989,0.954769944,0.337,0
98,-1.565227831,-0.737281045,-0.519811766,-0.474278822,0.767198989,0.626925791,0.337,1
7,-1.565227831,-0.737281045,1.864332285,-0.474278822,-0.473407725,0.395591381,0.337,0
670,-1.565227831,1.354812621,0.018543343,0.432550428,-0.473407725,0.398358346,0.553,1
524,-1.565227831,1.354812621,1.095253559,-0.474278822,0.767198989,0.51868009,0.337,1
588,-1.565227831,-0.737281045,2.32577952,0.432550428,0.767198989,0.945714421,0.337,1
725,-1.565227831,-0.737281045,-0.212180275,0.432550428,-0.473407725,0.42049407,0.389,1
167,-1.565227831,1.354812621,0.018543343,-0.474278822,0.767198989,0.458728501,0.389,1
672,-1.565227831,-0.737281045,0.095451215,0.432550428,-0.473407725,0.398358346,0.337,0
603,-1.565227831,-0.737281045,0.018543343,-0.474278822,-0.473407725,0.205173849,0.337,0
84,-1.565227831,-0.737281045,-0.135272403,-0.474278822,-0.473407725,0.299753759,0.553,0
666,-0.369157507,-0.737281045,0.172359088,1.339379678,-0.473407725,0.831011126,0.553,0
622,-1.565227831,-0.737281045,0.941437814,0.432550428,-0.473407725,0.409510726,0.337,1
510,0.826912817,-0.737281045,-0.289088148,-0.474278822,-0.473407725,0.488829061,0.337,1
36,-1.565227831,-0.737281045,0.941437814,0.432550428,-0.473407725,0.398358346,0.337,0
170,0.826912817,-0.737281045,-0.135272403,-0.474278822,-0.473407725,0.488829061,0.337,0
644,0.826912817,-0.737281045,0.018543343,-0.474278822,-0.473407725,0.488829061,0.337,1
693,0.826912817,-0.737281045,0.018543343,-0.474278822,-0.473407725,0.488829061,0.337,1
767,-1.565227831,-0.737281045,0.018543343,-0.474278822,-0.473407725,0.148828371,0.337,0
494,-1.565227831,-0.737281045,3.171766119,-0.474278822,-0.473407725,0.348134402,0.337,0
713,-1.565227831,-0.737281045,1.402885049,0.432550428,-0.473407725,0.398358346,0.337,1
584,-1.565227831,-0.737281045,0.479990578,-0.474278822,-0.473407725,0.159393148,0.337,0
843,-1.565227831,1.354812621,0.018543343,-0.474278822,-0.473407725,-0.024232741,0.389,1
75,0.826912817,-0.737281045,0.172359088,-0.474278822,-0.473407725,0.488829061,0.389,1
600,-1.565227831,-0.737281045,1.479792922,0.432550428,-0.473407725,0.497550536,0.553,1
572,-1.565227831,1.354812621,1.787424412,1.339379678,-0.473407725,0.387878087,0.337,1
138,-1.565227831,-0.737281045,0.556898451,0.432550428,-0.473407725,0.42049407,0.553,0
24,-1.565227831,-0.737281045,-0.135272403,-0.474278822,-0.473407725,0.066322492,0.337,1
435,-1.565227831,-0.737281045,1.556700794,0.432550428,-0.473407725,0.476839548,0.553,0
56,-1.565227831,-0.737281045,0.018543343,-0.474278822,-0.473407725,0.066322492,0.337,1
156,-1.565227831,-0.737281045,1.633608667,-0.474278822,0.767198989,0.5870996,0.389,0
888,-1.565227831,1.354812621,-0.827443256,-0.474278822,-0.473407725,-0.044356126,0.553,1
557,-1.565227831,1.354812621,1.402885049,0.432550428,-0.473407725,0.148828371,0.337,1
352,-1.565227831,-0.737281045,0.018543343,-0.474278822,-0.473407725,0.0562608,0.337,0
463,-1.565227831,-0.737281045,1.325977177,-0.474278822,-0.473407725,0.126692647,0.337,0
55,-1.565227831,-0.737281045,2.710318883,-0.474278822,0.767198989,0.599173631,0.337,0
541,-1.565227831,1.354812621,0.479990578,-0.474278822,2.007805702,0.780702663,0.553,1
827,0.826912817,-0.737281045,0.018543343,-0.474278822,-0.473407725,0.488829061,0.553,0
597,-0.369157507,1.354812621,0.018543343,-0.474278822,-0.473407725,0.016014029,0.337,1
195,-1.565227831,1.354812621,1.095253559,-0.474278822,-0.473407725,-0.090221345,0.337,1
839,0.826912817,-0.737281045,0.172359088,-0.474278822,-0.473407725,0.488829061,0.553,1
854,-1.565227831,1.354812621,-1.058166874,-0.474278822,0.767198989,0.144803694,0.337,1
178,-1.565227831,1.354812621,1.556700794,-0.474278822,-0.473407725,-0.070264984,0.337,0
340,-1.565227831,-0.737281045,1.172161432,-0.474278822,-0.473407725,0.066322492,0.337,0
608,-1.565227831,-0.737281045,-0.212180275,-0.474278822,-0.473407725,-0.034294433,0.337,1
271,-1.565227831,-0.737281045,0.018543343,-0.474278822,-0.473407725,-0.024232741,0.337,0
794,-1.565227831,-0.737281045,0.018543343,-0.474278822,-0.473407725,-0.030354274,0.337,0
299,-1.565227831,-0.737281045,0.018543343,-0.474278822,-0.473407725,-0.034294433,0.337,1
783,-1.565227831,-0.737281045,-0.05836453,-0.474278822,-0.473407725,-0.044356126,0.337,0
863,-1.565227831,1.354812621,1.402885049,-0.474278822,-0.473407725,-0.126274402,0.337,1
741,-1.565227831,-0.737281045,0.018543343,-0.474278822,-0.473407725,-0.044356126,0.337,1
633,-1.565227831,-0.737281045,0.172359088,-0.474278822,-0.473407725,-0.034294433,0.337,1
797,-1.565227831,1.354812621,1.479792922,-0.474278822,-0.473407725,-0.126274402,0.337,1
516,-1.565227831,-0.737281045,1.325977177,-0.474278822,-0.473407725,0.036555981,0.337,0
840,-1.565227831,-0.737281045,0.018543343,-0.474278822,-0.473407725,-0.050393141,0.337,1
648,-1.565227831,-0.737281045,2.01814803,-0.474278822,-0.473407725,0.066322492,0.337,1
210,-1.565227831,-0.737281045,0.787622069,-0.474278822,-0.473407725,-0.024232741,0.337,1
453,-1.565227831,-0.737281045,0.018543343,-0.474278822,-0.473407725,-0.089633742,0.337,0
65,-1.565227831,-0.737281045,0.018543343,-0.474278822,-0.473407725,-0.090221345,0.337,0
296,-1.565227831,-0.737281045,0.018543343,-0.474278822,-0.473407725,-0.090221345,0.337,0
872,-1.565227831,1.354812621,1.325977177,0.432550428,0.767198989,0.409510726,0.389,1
431,-1.565227831,-0.737281045,-0.135272403,-0.474278822,-0.473407725,-0.113781804,0.337,1
746,-1.565227831,-0.737281045,3.094858246,0.432550428,0.767198989,0.780702663,0.553,0
508,-1.565227831,-0.737281045,0.018543343,-0.474278822,-0.473407725,-0.113781804,0.337,1
712,-1.565227831,-0.737281045,0.018543343,-0.474278822,-0.473407725,-0.113781804,0.337,0
169,-1.565227831,-0.737281045,0.018543343,-0.474278822,-0.473407725,-0.12635892,0.337,0
171,-1.565227831,-0.737281045,2.402687393,-0.474278822,-0.473407725,0.026075722,0.337,0
10,-0.369157507,1.354812621,-1.211982619,0.432550428,-0.473407725,-0.04293139,0.337,1
605,-1.565227831,-0.737281045,0.403082706,-0.474278822,-0.473407725,-0.113781804,0.337,1
31,-1.565227831,-0.737281045,0.787622069,-0.474278822,-0.473407725,-0.090221345,0.337,0
450,-1.565227831,-0.737281045,1.71051654,-0.474278822,-0.473407725,-0.034294433,0.337,1
890,-1.565227831,-0.737281045,-0.289088148,-0.474278822,-0.473407725,-0.044356126,0.553,1
513,-1.565227831,-0.737281045,0.479990578,-0.474278822,-0.473407725,-0.119064193,0.337,1
285,-1.565227831,-0.737281045,0.018543343,-0.474278822,-0.473407725,-0.124849666,0.389,0
97,-1.565227831,-0.737281045,3.171766119,-0.474278822,-0.473407725,0.049302133,0.337,0
493,-1.565227831,-0.737281045,1.941240157,-0.474278822,-0.473407725,-0.034294433,0.337,0
708,-1.565227831,-0.737281045,0.941437814,-0.474278822,-0.473407725,-0.119064193,0.337,1
332,-1.565227831,-0.737281045,1.210615368,-0.474278822,-0.473407725,-0.074541203,0.389,0
428,-0.369157507,1.354812621,-0.827443256,-0.474278822,-0.473407725,-0.124849666,0.553,1
537,-1.565227831,-0.737281045,1.172161432,-0.474278822,-0.473407725,-0.113781804,0.337,0
12,-1.565227831,1.354812621,2.171963775,-0.474278822,-0.473407725,-0.113781804,0.553,1
461,-1.565227831,-0.737281045,1.402885049,-0.474278822,-0.473407725,-0.113781804,0.337,1
540,-1.565227831,1.354812621,-0.596719638,-0.474278822,2.007805702,0.348049883,0.337,1
663,-1.565227831,-0.737281045,1.325977177,-0.474278822,-0.473407725,-0.133150562,0.337,0
858,-1.565227831,-0.737281045,1.633608667,-0.474278822,-0.473407725,-0.113781804,0.337,1
488,-1.565227831,-0.737281045,2.171963775,-0.474278822,-0.473407725,-0.050393141,0.389,0
547,-0.369157507,1.354812621,-0.827443256,0.432550428,-0.473407725,-0.124849666,0.337,1
721,-0.369157507,1.354812621,-1.8272456,-0.474278822,0.767198989,0.016014029,0.337,1
212,-0.369157507,1.354812621,0.403082706,-0.474278822,-0.473407725,-0.225466592,0.337,1
468,-1.565227831,-0.737281045,2.01814803,-0.474278822,-0.473407725,-0.113781804,0.337,0
616,-0.369157507,1.354812621,-0.442903893,0.432550428,2.007805702,0.659962352,0.337,1
792,-0.369157507,-0.737281045,-1.058166874,-0.474278822,-0.473407725,-0.124849666,0.389,0
448,-1.565227831,-0.737281045,0.326174833,-0.474278822,-0.473407725,-0.113781804,0.553,1
317,-0.369157507,1.354812621,-0.442903893,0.432550428,-0.473407725,-0.124849666,0.337,1
702,-1.565227831,-0.737281045,0.403082706,-0.474278822,-0.473407725,-0.119064193,0.553,1
573,-1.565227831,-0.737281045,0.479990578,-0.474278822,-0.473407725,-0.117051854,0.553,1
253,-1.565227831,-0.737281045,2.479595266,-0.474278822,-0.473407725,-0.113781804,0.337,0
556,-1.565227831,-0.737281045,2.479595266,-0.474278822,-0.473407725,-0.113781804,0.337,0
552,-0.369157507,-0.737281045,-0.212180275,-0.474278822,-0.473407725,-0.124849666,0.337,0
626,-1.565227831,-0.737281045,2.402687393,-0.474278822,-0.473407725,0.002346226,0.553,0
427,-0.369157507,1.354812621,-0.135272403,0.432550428,-0.473407725,-0.124849666,0.337,1
175,-1.565227831,-0.737281045,2.01814803,-0.474278822,-0.473407725,-0.030354274,0.553,0
54,-0.369157507,1.354812621,-0.05836453,0.432550428,-0.473407725,-0.124849666,0.337,1
134,-0.369157507,1.354812621,-0.05836453,0.432550428,-0.473407725,-0.124849666,0.337,1
457,-1.565227831,-0.737281045,2.710318883,-0.474278822,-0.473407725,-0.113781804,0.337,0
695,-1.565227831,-0.737281045,2.32577952,-0.474278822,-0.473407725,-0.113781804,0.389,0
631,-1.565227831,-0.737281045,3.863936972,-0.474278822,-0.473407725,-0.044356126,0.337,1
249,-1.565227831,-0.737281045,0.556898451,0.432550428,0.767198989,0.409510726,0.553,1
188,-1.565227831,-0.737281045,1.172161432,-0.474278822,-0.473407725,-0.113781804,0.553,1
21,-0.369157507,-0.737281045,0.403082706,-0.474278822,-0.473407725,-0.124849666,0.337,0
875,-0.369157507,1.354812621,-0.135272403,0.432550428,-0.473407725,-0.165096436,0.337,1
546,-1.565227831,-0.737281045,2.633411011,-0.474278822,-0.473407725,-0.124849666,0.389,0
474,-0.369157507,1.354812621,-0.519811766,-0.474278822,-0.473407725,-0.370521988,0.337,1
390,-0.369157507,1.354812621,-0.981259001,-0.474278822,-0.473407725,-0.406577057,0.337,1
346,-0.369157507,1.354812621,-0.442903893,-0.474278822,-0.473407725,-0.386453672,0.337,1
433,-0.369157507,1.354812621,0.941437814,0.432550428,-0.473407725,-0.124849666,0.337,1
85,-0.369157507,1.354812621,-0.981259001,-0.474278822,-0.473407725,-0.436762135,0.337,1
855,-0.369157507,1.354812621,1.095253559,0.432550428,-0.473407725,-0.124849666,0.337,0
444,-0.369157507,1.354812621,-0.135272403,-0.474278822,-0.473407725,-0.386453672,0.337,1
636,-0.369157507,1.354812621,-0.135272403,-0.474278822,-0.473407725,-0.386453672,0.337,1
706,-0.369157507,-0.737281045,0.710714196,-0.474278822,-0.473407725,-0.124849666,0.389,0
755,-0.369157507,1.354812621,1.402885049,0.432550428,2.007805702,0.659962352,0.337,1
400,-0.369157507,1.354812621,-0.135272403,-0.474278822,-0.473407725,-0.393496857,0.337,1
748,-0.369157507,1.354812621,0.018543343,-0.474278822,-0.473407725,-0.386453672,0.337,1
57,-0.369157507,1.354812621,-0.673627511,-0.474278822,-0.473407725,-0.436762135,0.337,1
191,-0.369157507,1.354812621,0.172359088,-0.474278822,-0.473407725,-0.386453672,0.337,1
124,-0.369157507,1.354812621,0.210813024,-0.474278822,-0.473407725,-0.386453672,0.337,1
304,-0.369157507,1.354812621,0.018543343,-0.474278822,-0.473407725,-0.399533873,0.337,1
323,-0.369157507,1.354812621,0.018543343,-0.474278822,-0.473407725,-0.399533873,0.337,1
577,-0.369157507,1.354812621,0.326174833,-0.474278822,-0.473407725,-0.386453672,0.337,1
123,-0.369157507,-0.737281045,0.210813024,0.432550428,-0.473407725,-0.04293139,0.337,0
398,-0.369157507,-0.737281045,1.249069304,-0.474278822,-0.473407725,-0.124849666,0.389,0
388,-0.369157507,1.354812621,0.479990578,-0.474278822,-0.473407725,-0.386453672,0.337,1
718,-0.369157507,1.354812621,-0.212180275,-0.474278822,-0.473407725,-0.436762135,0.337,1
583,-0.369157507,-0.737281045,1.864332285,-0.474278822,-0.473407725,-0.124849666,0.337,0
67,-0.369157507,1.354812621,-0.05836453,-0.474278822,-0.473407725,-0.436762135,0.337,1
347,-0.369157507,1.354812621,0.787622069,-0.474278822,-0.473407725,-0.386453672,0.337,1
778,0.826912817,1.354812621,-1.904153472,-0.474278822,-0.473407725,-0.397018449,0.337,1
362,-0.369157507,-0.737281045,-0.05836453,0.432550428,-0.473407725,-0.090221345,0.337,0
866,-0.369157507,1.354812621,0.941437814,-0.474278822,-0.473407725,-0.386453672,0.337,1
707,-0.369157507,1.354812621,1.172161432,-0.474278822,-0.473407725,-0.37639198,0.337,1
16,-0.369157507,1.354812621,1.941240157,-0.474278822,-0.473407725,-0.326083517,0.337,1
729,-0.369157507,-0.737281045,-0.36599602,0.432550428,-0.473407725,-0.124849666,0.337,0
358,-0.369157507,1.354812621,0.633806323,-0.474278822,-0.473407725,-0.386453672,0.389,0
519,-0.369157507,1.354812621,0.479990578,0.432550428,-0.473407725,-0.124849666,0.553,1
115,0.826912817,1.354812621,-0.981259001,-0.474278822,-0.473407725,-0.35710774,0.337,0
619,-0.369157507,1.354812621,-1.981061345,1.339379678,0.767198989,0.13675434,0.337,1
671,-0.369157507,1.354812621,0.787622069,0.432550428,0.767198989,0.13675434,0.337,1
274,-1.565227831,-0.737281045,0.556898451,-0.474278822,0.767198989,-0.050393141,0.337,0
200,-0.369157507,1.354812621,-0.442903893,-0.474278822,-0.473407725,-0.386453672,0.553,0
881,-0.369157507,1.354812621,-0.36599602,-0.474278822,0.767198989,-0.124849666,0.337,1
136,-0.369157507,-0.737281045,-0.519811766,-0.474278822,-0.473407725,-0.345285251,0.337,0
544,-0.369157507,-0.737281045,0.172359088,0.432550428,-0.473407725,-0.124849666,0.337,1
100,-0.369157507,-0.737281045,0.326174833,0.432550428,-0.473407725,-0.124849666,0.337,0
162,-0.369157507,1.354812621,0.787622069,-0.474278822,-0.473407725,-0.331114363,0.553,1
110,0.826912817,1.354812621,0.018543343,0.432550428,-0.473407725,-0.162077929,0.337,1
652,-0.369157507,1.354812621,-0.904351128,-0.474278822,0.767198989,-0.185219821,0.337,1
42,-0.369157507,1.354812621,-0.212180275,0.432550428,-0.473407725,-0.225466592,0.553,0
595,-0.369157507,-0.737281045,0.556898451,0.432550428,-0.473407725,-0.124849666,0.337,0
309,-0.369157507,-0.737281045,0.018543343,0.432550428,-0.473407725,-0.165096436,0.337,0
218,-0.369157507,-0.737281045,0.941437814,0.432550428,-0.473407725,-0.104726281,0.337,0
732,0.826912817,-0.737281045,-1.442706237,-0.474278822,-0.473407725,-0.269989581,0.337,0
659,-0.369157507,-0.737281045,-0.519811766,-0.474278822,-0.473407725,-0.386453672,0.337,0
734,-0.369157507,-0.737281045,-0.519811766,-0.474278822,-0.473407725,-0.386453672,0.337,0
735,-0.369157507,-0.737281045,-0.519811766,-0.474278822,-0.473407725,-0.386453672,0.337,0
509,0.826912817,-0.737281045,-0.135272403,-0.474278822,-0.473407725,-0.194778429,0.337,0
145,-0.369157507,-0.737281045,-0.904351128,-0.474278822,-0.473407725,-0.41663875,0.337,0
758,-0.369157507,-0.737281045,-0.904351128,-0.474278822,-0.473407725,-0.41663875,0.337,0
865,-0.369157507,-0.737281045,-0.442903893,-0.474278822,-0.473407725,-0.386453672,0.337,0
849,-0.369157507,-0.737281045,-0.135272403,-0.474278822,0.767198989,0.016014029,0.337,0
459,-0.369157507,1.354812621,1.556700794,-0.474278822,-0.473407725,-0.436762135,0.337,1
527,-0.369157507,1.354812621,1.556700794,-0.474278822,-0.473407725,-0.436762135,0.337,1
192,-0.369157507,-0.737281045,-0.827443256,-0.474278822,-0.473407725,-0.386453672,0.389,0
135,-0.369157507,-0.737281045,-0.36599602,-0.474278822,-0.473407725,-0.386453672,0.337,0
344,-0.369157507,-0.737281045,-0.36599602,-0.474278822,-0.473407725,-0.386453672,0.337,0
667,-0.369157507,-0.737281045,-0.36599602,-0.474278822,-0.473407725,-0.386453672,0.337,0
328,-0.369157507,1.354812621,0.479990578,-0.474278822,-0.473407725,-0.386453672,0.553,1
563,-0.369157507,-0.737281045,-0.135272403,-0.474278822,-0.473407725,-0.37639198,0.337,0
531,-0.369157507,1.354812621,-2.13487709,0.432550428,0.767198989,-0.124849666,0.337,1
222,-0.369157507,-0.737281045,-0.212180275,-0.474278822,-0.473407725,-0.386453672,0.337,0
887,-0.369157507,-0.737281045,-0.212180275,-0.474278822,-0.473407725,-0.386453672,0.337,0
237,-0.369157507,-0.737281045,1.095253559,0.432550428,-0.473407725,-0.124849666,0.337,0
343,-0.369157507,-0.737281045,-0.135272403,-0.474278822,-0.473407725,-0.386453672,0.337,0
812,0.826912817,-0.737281045,0.710714196,-0.474278822,-0.473407725,-0.162077929,0.337,0
447,-0.369157507,1.354812621,-1.288890491,-0.474278822,0.767198989,-0.255651669,0.337,1
678,0.826912817,1.354812621,-0.904351128,-0.474278822,-0.473407725,-0.450009359,0.337,1
227,-0.369157507,-0.737281045,-0.827443256,-0.474278822,-0.473407725,-0.436762135,0.337,1
18,-0.369157507,-0.737281045,0.018543343,-0.474278822,-0.473407725,-0.386453672,0.337,1
179,-0.369157507,-0.737281045,0.018543343,-0.474278822,-0.473407725,-0.386453672,0.337,0
419,-0.369157507,-0.737281045,0.018543343,-0.474278822,-0.473407725,-0.386453672,0.337,0
883,0.826912817,1.354812621,-0.596719638,-0.474278822,-0.473407725,-0.436426074,0.337,0
550,-0.369157507,-0.737281045,-1.673429854,0.432550428,0.767198989,0.091476724,0.389,1
674,-0.369157507,-0.737281045,0.095451215,-0.474278822,-0.473407725,-0.386453672,0.337,1
873,-1.565227831,-0.737281045,0.24926696,-0.474278822,-0.473407725,-0.547440753,0.337,0
773,-0.369157507,1.354812621,2.095055903,-0.474278822,-0.473407725,-0.436762135,0.337,0
118,-0.369157507,-0.737281045,-0.05836453,0.432550428,-0.473407725,-0.225466592,0.337,0
50,0.826912817,1.354812621,-0.904351128,0.432550428,-0.473407725,-0.289861424,0.337,0
548,-0.369157507,-0.737281045,0.018543343,-0.474278822,-0.473407725,-0.369097253,0.389,1
417,-0.369157507,1.354812621,0.326174833,0.432550428,0.767198989,0.005952337,0.337,1
475,0.826912817,1.354812621,-0.596719638,-0.474278822,-0.473407725,-0.450093878,0.337,0
399,-0.369157507,-0.737281045,-0.519811766,-0.474278822,-0.473407725,-0.436762135,0.337,0
23,0.826912817,1.354812621,-1.135074746,-0.474278822,-0.473407725,-0.486482995,0.337,1
517,-0.369157507,1.354812621,0.326174833,-0.474278822,-0.473407725,-0.436762135,0.553,1
581,-0.369157507,1.354812621,-0.36599602,0.432550428,0.767198989,-0.044356126,0.337,1
22,-0.369157507,-0.737281045,0.326174833,-0.474278822,-0.473407725,-0.386453672,0.337,1
723,-0.369157507,-0.737281045,0.326174833,-0.474278822,-0.473407725,-0.386453672,0.337,0
801,-0.369157507,-0.737281045,0.326174833,-0.474278822,-0.473407725,-0.386453672,0.337,0
781,0.826912817,1.354812621,-1.288890491,-0.474278822,-0.473407725,-0.502581703,0.337,1
209,0.826912817,1.354812621,-1.058166874,-0.474278822,-0.473407725,-0.492101444,0.337,1
157,0.826912817,1.354812621,-1.058166874,-0.474278822,-0.473407725,-0.492437505,0.337,1
405,0.826912817,1.354812621,-0.750535383,-0.474278822,-0.473407725,-0.473738855,0.337,0
240,-0.369157507,-0.737281045,0.24926696,-0.474278822,-0.473407725,-0.401043126,0.337,0
620,-0.369157507,-0.737281045,-0.289088148,-0.474278822,-0.473407725,-0.436762135,0.337,0
80,0.826912817,1.354812621,0.018543343,-0.474278822,-0.473407725,-0.397018449,0.389,1
208,0.826912817,-0.737281045,-0.289088148,-0.474278822,-0.473407725,-0.269989581,0.337,1
808,0.826912817,1.354812621,-0.904351128,-0.474278822,-0.473407725,-0.491598359,0.337,0
406,-0.369157507,-0.737281045,0.326174833,0.432550428,-0.473407725,-0.225466592,0.337,0
477,-0.369157507,-0.737281045,0.326174833,0.432550428,-0.473407725,-0.225466592,0.337,0
250,-0.369157507,-0.737281045,1.864332285,0.432550428,-0.473407725,-0.124849666,0.337,0
884,-0.369157507,-0.737281045,-0.135272403,-0.474278822,-0.473407725,-0.436762135,0.337,0
787,0.826912817,1.354812621,-0.904351128,-0.474278822,-0.473407725,-0.497216808,0.337,1
294,0.826912817,1.354812621,-0.442903893,-0.474278822,-0.473407725,-0.46996572,0.337,0
243,-0.369157507,-0.737281045,-0.05836453,-0.474278822,-0.473407725,-0.436762135,0.337,0
796,-0.369157507,-0.737281045,0.710714196,-0.474278822,-0.473407725,-0.386453672,0.337,0
809,-0.369157507,-0.737281045,0.710714196,-0.474278822,-0.473407725,-0.386453672,0.337,0
260,-0.369157507,1.354812621,1.556700794,-0.474278822,0.767198989,-0.124849666,0.337,1
235,-0.369157507,-0.737281045,-0.442903893,-0.474278822,-0.473407725,-0.436762135,0.389,0
220,-0.369157507,-0.737281045,0.018543343,-0.474278822,-0.473407725,-0.436762135,0.337,0
502,0.826912817,1.354812621,-0.673627511,-0.474278822,-0.473407725,-0.492101444,0.337,0
751,-0.369157507,1.354812621,-1.981061345,0.432550428,0.767198989,-0.185219821,0.337,1
440,-0.369157507,-0.737281045,0.095451215,-0.474278822,-0.473407725,-0.436762135,0.337,0
555,0.826912817,1.354812621,-0.596719638,-0.474278822,-0.473407725,-0.491598359,0.337,1
655,0.826912817,1.354812621,-0.904351128,-0.474278822,-0.473407725,-0.512224829,0.337,0
142,0.826912817,1.354812621,-0.596719638,-0.474278822,-0.473407725,-0.492101444,0.337,1
817,0.826912817,1.354812621,-0.519811766,-0.474278822,-0.473407725,-0.488579852,0.337,0
71,-0.369157507,-0.737281045,0.172359088,-0.474278822,-0.473407725,-0.436762135,0.337,0
150,-0.369157507,-0.737281045,0.941437814,-0.474278822,-0.473407725,-0.386453672,0.337,0
289,-0.369157507,-0.737281045,0.941437814,-0.474278822,-0.473407725,-0.386453672,0.337,1
293,-0.369157507,-0.737281045,0.479990578,-0.474278822,-0.473407725,-0.388969095,0.389,0
831,0.826912817,1.354812621,-1.135074746,0.432550428,-0.473407725,-0.357190246,0.337,1
229,-0.369157507,-0.737281045,-0.904351128,-0.474278822,-0.473407725,-0.386453672,0.553,0
650,0.826912817,1.354812621,-0.519811766,-0.474278822,-0.473407725,-0.496126121,0.337,1
518,0.826912817,-0.737281045,0.018543343,-0.474278822,-0.473407725,-0.162077929,0.553,0
184,-0.369157507,-0.737281045,-2.211784963,1.339379678,0.767198989,0.13675434,0.337,1
247,0.826912817,1.354812621,-0.36599602,-0.474278822,-0.473407725,-0.491598359,0.337,0
3,0.826912817,1.354812621,-0.289088148,-0.474278822,-0.473407725,-0.488579852,0.337,1
316,0.826912817,1.354812621,-0.289088148,-0.474278822,-0.473407725,-0.490004587,0.337,1
813,-0.369157507,-0.737281045,0.403082706,-0.474278822,-0.473407725,-0.436762135,0.337,0
587,-0.369157507,-0.737281045,1.325977177,-0.474278822,-0.473407725,-0.346206902,0.389,0
217,0.826912817,1.354812621,-0.212180275,-0.474278822,-0.473407725,-0.488579852,0.337,1
535,0.826912817,1.354812621,0.018543343,-0.474278822,-0.473407725,-0.473738855,0.337,0
143,0.826912817,1.354812621,-0.442903893,0.432550428,-0.473407725,-0.329102025,0.337,1
576,0.826912817,-0.737281045,-0.827443256,-0.474278822,-0.473407725,-0.356268595,0.337,0
798,0.826912817,1.354812621,0.095451215,-0.474278822,-0.473407725,-0.473320289,0.337,1
182,-0.369157507,-0.737281045,0.018543343,-0.474278822,-0.473407725,-0.345200733,0.553,0
107,0.826912817,1.354812621,-0.673627511,-0.474278822,-0.473407725,-0.494113782,0.389,1
101,0.826912817,1.354812621,-0.135272403,-0.474278822,-0.473407725,-0.489167454,0.337,0
818,-0.369157507,-0.737281045,0.095451215,0.432550428,0.767198989,0.096592088,0.337,0
681,0.826912817,1.354812621,0.018543343,-0.474278822,-0.473407725,-0.484303632,0.337,0
464,-0.369157507,-0.737281045,1.402885049,-0.474278822,-0.473407725,-0.386453672,0.337,0
416,0.826912817,1.354812621,0.018543343,-0.474278822,-0.473407725,-0.486064428,0.337,0
565,0.826912817,1.354812621,0.018543343,-0.474278822,-0.473407725,-0.486064428,0.337,0
625,0.826912817,-0.737281045,-0.673627511,-0.474278822,-0.473407725,-0.324071178,0.389,0
112,0.826912817,1.354812621,-1.173528683,0.432550428,-0.473407725,-0.357190246,0.389,0
634,-1.565227831,-0.737281045,0.018543343,-0.474278822,-0.473407725,-0.648057678,0.337,0
816,-1.565227831,-0.737281045,0.018543343,-0.474278822,-0.473407725,-0.648057678,0.337,0
867,-0.369157507,1.354812621,-0.212180275,0.432550428,-0.473407725,-0.369181771,0.553,1
29,0.826912817,1.354812621,0.018543343,-0.474278822,-0.473407725,-0.489501503,0.337,1
504,0.826912817,1.354812621,0.556898451,-0.474278822,-0.473407725,-0.455124724,0.337,0
83,0.826912817,1.354812621,0.018543343,-0.474278822,-0.473407725,-0.491346817,0.337,1
377,0.826912817,1.354812621,-0.596719638,-0.474278822,-0.473407725,-0.502163137,0.389,1
48,0.826912817,1.354812621,0.018543343,-0.474278822,-0.473407725,-0.492101444,0.337,1
199,0.826912817,1.354812621,0.018543343,-0.474278822,-0.473407725,-0.492101444,0.337,1
275,0.826912817,1.354812621,0.018543343,-0.474278822,-0.473407725,-0.492101444,0.337,1
301,0.826912817,1.354812621,0.018543343,-0.474278822,-0.473407725,-0.492101444,0.337,1
369,0.826912817,1.354812621,0.018543343,-0.474278822,-0.473407725,-0.492101444,0.337,1
574,0.826912817,1.354812621,0.018543343,-0.474278822,-0.473407725,-0.492101444,0.337,1
728,0.826912817,1.354812621,0.018543343,-0.474278822,-0.473407725,-0.492352986,0.337,1
698,0.826912817,1.354812621,0.018543343,-0.474278822,-0.473407725,-0.492437505,0.337,1
736,0.826912817,-0.737281045,-0.096818466,-0.474278822,-0.473407725,-0.324071178,0.337,0
503,0.826912817,1.354812621,0.018543343,-0.474278822,-0.473407725,-0.494532349,0.337,0
397,0.826912817,1.354812621,0.095451215,-0.474278822,-0.473407725,-0.490004587,0.337,0
724,-0.369157507,-0.737281045,1.556700794,-0.474278822,-0.473407725,-0.386453672,0.337,0
696,-0.369157507,-0.737281045,1.71051654,-0.474278822,-0.473407725,-0.37639198,0.337,0
318,-0.369157507,-0.737281045,1.864332285,-0.474278822,-0.473407725,-0.366330287,0.337,0
236,0.826912817,1.354812621,0.018543343,-0.474278822,-0.473407725,-0.496126121,0.337,0
313,-0.369157507,1.354812621,-0.289088148,0.432550428,0.767198989,-0.124849666,0.337,0
842,-0.369157507,-0.737281045,-1.058166874,-0.474278822,-0.473407725,-0.436762135,0.553,0
348,0.826912817,1.354812621,0.018543343,0.432550428,-0.473407725,-0.324071178,0.337,1
432,0.826912817,1.354812621,0.018543343,0.432550428,-0.473407725,-0.324071178,0.337,1
20,0.826912817,1.354812621,0.018543343,-0.474278822,-0.473407725,-0.502666221,0.337,1
560,0.826912817,1.354812621,0.479990578,0.432550428,-0.473407725,-0.297910778,0.337,1
715,-0.369157507,-0.737281045,1.71051654,-0.474278822,-0.473407725,-0.386453672,0.337,0
151,-0.369157507,-0.737281045,1.633608667,-0.474278822,-0.473407725,-0.39601228,0.337,0
242,0.826912817,1.354812621,0.018543343,0.432550428,-0.473407725,-0.33614521,0.337,1
613,0.826912817,1.354812621,0.018543343,0.432550428,-0.473407725,-0.33614521,0.337,1
719,0.826912817,-0.737281045,0.018543343,-0.474278822,-0.473407725,-0.33614521,0.337,0
239,-0.369157507,-0.737281045,-0.827443256,-0.474278822,-0.473407725,-0.436762135,0.553,0
40,0.826912817,1.354812621,-1.211982619,0.432550428,-0.473407725,-0.42183662,0.337,1
802,-0.369157507,1.354812621,0.095451215,0.432550428,0.767198989,-0.11981882,0.337,1
214,-0.369157507,-0.737281045,0.018543343,-0.474278822,-0.473407725,-0.386453672,0.553,0
768,0.826912817,1.354812621,0.056997279,-0.474278822,-0.473407725,-0.492101444,0.389,0
823,-1.565227831,-0.737281045,0.633806323,-0.474278822,-0.473407725,-0.648057678,0.337,0
273,-0.369157507,1.354812621,0.864529941,-0.474278822,0.767198989,-0.255651669,0.337,1
539,0.826912817,-0.737281045,0.018543343,-0.474278822,-0.473407725,-0.356268595,0.337,0
761,0.826912817,-0.737281045,0.018543343,-0.474278822,-0.473407725,-0.356268595,0.337,0
15,0.826912817,1.354812621,-1.211982619,-0.474278822,-0.473407725,-0.490004587,0.553,0
241,0.826912817,1.354812621,0.018543343,0.432550428,-0.473407725,-0.357190246,0.337,0
496,0.826912817,-0.737281045,0.018543343,-0.474278822,-0.473407725,-0.35710774,0.337,0
331,0.826912817,1.354812621,0.018543343,1.339379678,-0.473407725,-0.180188975,0.337,1
324,-0.369157507,1.354812621,-0.596719638,0.432550428,0.767198989,-0.064479511,0.553,1
627,-0.369157507,-0.737281045,2.095055903,-0.474278822,-0.473407725,-0.399533873,0.337,0
99,-0.369157507,1.354812621,0.326174833,-0.474278822,0.767198989,-0.185219821,0.553,1
146,-0.369157507,-0.737281045,-0.827443256,0.432550428,0.767198989,0.091476724,0.553,0
345,-0.369157507,-0.737281045,0.479990578,-0.474278822,-0.473407725,-0.386453672,0.553,0
876,0.826912817,1.354812621,-1.135074746,-0.474278822,-0.473407725,-0.502666221,0.553,1
341,-0.369157507,-0.737281045,-2.13487709,0.432550428,0.767198989,-0.124849666,0.337,1
862,-0.369157507,-0.737281045,-0.673627511,0.432550428,-0.473407725,-0.41663875,0.337,0
45,0.826912817,1.354812621,-0.827443256,-0.474278822,-0.473407725,-0.489501503,0.553,1
194,-0.369157507,-0.737281045,-2.057969217,0.432550428,0.767198989,-0.124849666,0.337,1
283,0.826912817,-0.737281045,-1.058166874,-0.474278822,-0.473407725,-0.45688552,0.337,0
579,0.826912817,1.354812621,0.018543343,0.432550428,-0.473407725,-0.35710774,0.389,0
688,0.826912817,-0.737281045,-0.827443256,-0.474278822,-0.473407725,-0.443386753,0.337,0
277,0.826912817,1.354812621,1.172161432,-0.474278822,-0.473407725,-0.492101444,0.337,0
290,0.826912817,1.354812621,-0.596719638,-0.474278822,-0.473407725,-0.492101444,0.553,1
877,0.826912817,-0.737281045,-0.750535383,-0.474278822,-0.473407725,-0.449926854,0.337,0
39,0.826912817,1.354812621,-0.904351128,1.339379678,-0.473407725,-0.285836747,0.337,0
44,-0.369157507,1.354812621,-2.057969217,0.432550428,2.007805702,0.188656575,0.553,1
403,0.826912817,1.354812621,-0.673627511,0.432550428,-0.473407725,-0.45034542,0.337,0
442,0.826912817,-0.737281045,-0.750535383,-0.474278822,-0.473407725,-0.45688552,0.337,0
164,0.826912817,-0.737281045,-0.981259001,-0.474278822,-0.473407725,-0.473738855,0.337,0
501,0.826912817,-0.737281045,-0.981259001,-0.474278822,-0.473407725,-0.473738855,0.337,0
727,-0.369157507,1.354812621,0.018543343,2.246208929,-0.473407725,-0.225466592,0.337,1
441,-0.369157507,1.354812621,1.172161432,0.432550428,0.767198989,-0.11981882,0.337,1
221,0.826912817,-0.737281045,-1.058166874,-0.474278822,-0.473407725,-0.486064428,0.337,1
575,0.826912817,-0.737281045,-1.058166874,-0.474278822,-0.473407725,-0.486064428,0.337,0
19,0.826912817,1.354812621,0.095451215,0.432550428,-0.473407725,-0.285836747,0.553,0
226,0.826912817,-0.737281045,-0.596719638,-0.474278822,-0.473407725,-0.459904028,0.337,0
835,0.826912817,-0.737281045,-0.904351128,-0.474278822,-0.473407725,-0.481033582,0.337,0
765,0.826912817,-0.737281045,-1.058166874,-0.474278822,-0.473407725,-0.491598359,0.337,0
139,0.826912817,-0.737281045,-1.058166874,-0.474278822,-0.473407725,-0.462586475,0.389,0
266,-0.369157507,-0.737281045,0.479990578,-0.474278822,-0.473407725,-0.436762135,0.553,0
726,0.826912817,-0.737281045,-0.750535383,-0.474278822,-0.473407725,-0.473738855,0.337,0
452,0.826912817,-0.737281045,0.018543343,0.432550428,-0.473407725,-0.246260085,0.337,0
491,0.826912817,-0.737281045,0.018543343,0.432550428,-0.473407725,-0.246260085,0.337,0
205,0.826912817,-0.737281045,-0.904351128,-0.474278822,-0.473407725,-0.486064428,0.337,1
81,0.826912817,-0.737281045,-0.596719638,-0.474278822,-0.473407725,-0.466947213,0.337,0
351,0.826912817,-0.737281045,-0.519811766,-0.474278822,-0.473407725,-0.462419451,0.337,0
837,0.826912817,-0.737281045,-0.673627511,-0.474278822,-0.473407725,-0.473738855,0.337,0
618,0.826912817,1.354812621,-0.289088148,0.432550428,-0.473407725,-0.324071178,0.553,0
536,-0.369157507,1.354812621,-1.750337727,-0.474278822,2.007805702,-0.11981882,0.337,1
571,-0.369157507,-0.737281045,2.479595266,-0.474278822,-0.473407725,-0.436762135,0.337,1
114,0.826912817,1.354812621,-0.750535383,0.432550428,-0.473407725,-0.45034542,0.389,0
284,0.826912817,-0.737281045,-0.827443256,-0.474278822,-0.473407725,-0.486064428,0.337,1
373,0.826912817,-0.737281045,-0.827443256,-0.474278822,-0.473407725,-0.486064428,0.337,0
676,0.826912817,-0.737281045,-0.904351128,-0.474278822,-0.473407725,-0.491598359,0.337,0
776,0.826912817,-0.737281045,-0.904351128,-0.474278822,-0.473407725,-0.492101444,0.337,0
653,0.826912817,-0.737281045,-0.673627511,-0.474278822,-0.473407725,-0.478351135,0.337,0
567,0.826912817,-0.737281045,-0.827443256,-0.474278822,-0.473407725,-0.489167454,0.337,0
647,0.826912817,-0.737281045,-0.827443256,-0.474278822,-0.473407725,-0.489167454,0.337,0
878,0.826912817,-0.737281045,-0.827443256,-0.474278822,-0.473407725,-0.489167454,0.337,0
238,-0.369157507,1.354812621,-1.673429854,-0.474278822,2.007805702,-0.11981882,0.337,1
193,0.826912817,1.354812621,-0.827443256,0.432550428,-0.473407725,-0.490004587,0.337,1
359,0.826912817,1.354812621,0.018543343,-0.474278822,-0.473407725,-0.489501503,0.553,1
360,0.826912817,1.354812621,0.018543343,-0.474278822,-0.473407725,-0.489501503,0.553,1
654,0.826912817,1.354812621,0.018543343,-0.474278822,-0.473407725,-0.490507672,0.553,1
841,0.826912817,-0.737281045,-0.750535383,-0.474278822,-0.473407725,-0.488579852,0.337,0
685,-0.369157507,-0.737281045,2.32577952,0.432550428,0.767198989,0.13675434,0.389,0
434,0.826912817,-0.737281045,-0.981259001,-0.474278822,-0.473407725,-0.50467856,0.337,0
92,0.826912817,-0.737281045,-0.750535383,-0.474278822,-0.473407725,-0.490004587,0.337,0
641,0.826912817,-0.737281045,-0.750535383,-0.474278822,-0.473407725,-0.490004587,0.337,0
33,0.826912817,1.354812621,0.018543343,-0.474278822,-0.473407725,-0.492101444,0.553,1
265,0.826912817,1.354812621,0.018543343,-0.474278822,-0.473407725,-0.492101444,0.553,0
495,0.826912817,-0.737281045,-0.673627511,-0.474278822,-0.473407725,-0.486064428,0.337,0
133,0.826912817,1.354812621,1.325977177,0.432550428,-0.473407725,-0.356268595,0.337,0
683,0.826912817,-0.737281045,-0.750535383,-0.474278822,-0.473407725,-0.462419451,0.389,0
116,0.826912817,-0.737281045,-0.673627511,-0.474278822,-0.473407725,-0.488579852,0.337,0
174,0.826912817,-0.737281045,-0.673627511,-0.474278822,-0.473407725,-0.488579852,0.337,0
624,0.826912817,-0.737281045,-0.673627511,-0.474278822,-0.473407725,-0.490004587,0.337,0
137,-1.565227831,1.354812621,-0.827443256,-0.474278822,2.007805702,-0.119148711,0.553,1
52,0.826912817,-0.737281045,-0.673627511,-0.474278822,-0.473407725,-0.491095275,0.337,0
113,0.826912817,-0.737281045,-0.596719638,-0.474278822,-0.473407725,-0.486064428,0.337,0
589,0.826912817,-0.737281045,-0.596719638,-0.474278822,-0.473407725,-0.486064428,0.337,0
288,0.826912817,-0.737281045,-0.596719638,-0.474278822,-0.473407725,-0.489167454,0.337,0
522,0.826912817,-0.737281045,-0.596719638,-0.474278822,-0.473407725,-0.489167454,0.337,0
34,-0.369157507,-0.737281045,2.787226756,-0.474278822,-0.473407725,-0.436762135,0.337,0
368,0.826912817,1.354812621,0.018543343,-0.474278822,-0.473407725,-0.502581703,0.553,1
396,0.826912817,-0.737281045,-0.596719638,-0.474278822,-0.473407725,-0.491179793,0.337,0
714,0.826912817,-0.737281045,-0.05836453,-0.474278822,-0.473407725,-0.457221581,0.337,0
754,0.826912817,-0.737281045,-0.519811766,-0.474278822,-0.473407725,-0.489167454,0.337,0
228,0.826912817,-0.737281045,-0.712081447,-0.474278822,-0.473407725,-0.502163137,0.337,0
834,0.826912817,-0.737281045,-0.519811766,-0.474278822,-0.473407725,-0.490004587,0.337,0
90,0.826912817,-0.737281045,-0.442903893,-0.474278822,-0.473407725,-0.486064428,0.337,0
479,0.826912817,-0.737281045,-0.596719638,-0.474278822,-0.473407725,-0.496713724,0.337,0
144,0.826912817,-0.737281045,-0.827443256,-0.474278822,-0.473407725,-0.512224829,0.337,0
771,0.826912817,-0.737281045,-0.442903893,-0.474278822,-0.473407725,-0.45688552,0.389,0
492,0.826912817,-0.737281045,-0.673627511,-0.474278822,-0.473407725,-0.502163137,0.337,0
287,0.826912817,-0.737281045,0.018543343,-0.474278822,-0.473407725,-0.45688552,0.337,1
869,0.826912817,-0.737281045,0.018543343,-0.474278822,-0.473407725,-0.45688552,0.337,0
677,0.826912817,-0.737281045,-0.404449957,-0.474278822,-0.473407725,-0.486064428,0.337,0
822,0.826912817,-0.737281045,-0.212180275,-0.474278822,-0.473407725,-0.473738855,0.337,1
295,0.826912817,-0.737281045,-0.442903893,-0.474278822,-0.473407725,-0.489167454,0.337,0
500,0.826912817,-0.737281045,-0.442903893,-0.474278822,-0.473407725,-0.491179793,0.337,0
187,0.826912817,1.354812621,0.018543343,0.432550428,-0.473407725,-0.33614521,0.553,1
213,0.826912817,-0.737281045,-0.596719638,-0.474278822,-0.473407725,-0.502163137,0.337,0
321,0.826912817,-0.737281045,-0.596719638,-0.474278822,-0.473407725,-0.502163137,0.337,0
61,0.826912817,-0.737281045,-0.596719638,-0.474278822,-0.473407725,-0.502581703,0.337,0
554,0.826912817,-0.737281045,-0.596719638,-0.474278822,-0.473407725,-0.502666221,0.337,1
730,0.826912817,1.354812621,-0.36599602,0.432550428,-0.473407725,-0.488579852,0.337,0
795,0.826912817,-0.737281045,-0.36599602,-0.474278822,-0.473407725,-0.489167454,0.337,0
244,0.826912817,-0.737281045,-0.596719638,-0.474278822,-0.473407725,-0.50467856,0.337,0
769,0.826912817,-0.737281045,0.018543343,0.432550428,-0.473407725,-0.162077929,0.553,0
402,0.826912817,-0.737281045,-0.289088148,-0.474278822,-0.473407725,-0.486064428,0.337,0
380,0.826912817,-0.737281045,-0.827443256,-0.474278822,-0.473407725,-0.491598359,0.389,0
480,0.826912817,1.354812621,-2.13487709,-0.474278822,0.767198989,-0.400791584,0.337,1
601,-0.369157507,1.354812621,-0.442903893,1.339379678,0.767198989,-0.104726281,0.337,1
716,0.826912817,-0.737281045,-0.827443256,-0.474278822,-0.473407725,-0.494113782,0.389,0
76,0.826912817,-0.737281045,-0.36599602,-0.474278822,-0.473407725,-0.494113782,0.337,0
629,0.826912817,-0.737281045,-0.289088148,-0.474278822,-0.473407725,-0.489167454,0.337,0
871,0.826912817,-0.737281045,-0.289088148,-0.474278822,-0.473407725,-0.489167454,0.337,0
811,0.826912817,-0.737281045,-0.289088148,-0.474278822,-0.473407725,-0.489334479,0.337,0
498,0.826912817,-0.737281045,0.018543343,-0.474278822,-0.473407725,-0.344194564,0.553,0
673,-0.369157507,-0.737281045,3.094858246,-0.474278822,-0.473407725,-0.436762135,0.337,0
297,0.826912817,-0.737281045,-0.481357829,-0.474278822,-0.473407725,-0.502581703,0.337,0
744,0.826912817,-0.737281045,-0.442903893,0.432550428,-0.473407725,-0.324071178,0.337,0
163,0.826912817,-0.737281045,-0.289088148,-0.474278822,-0.473407725,-0.491598359,0.337,0
753,0.826912817,-0.737281045,0.24926696,-0.474278822,-0.473407725,-0.45688552,0.337,0
585,0.826912817,-0.737281045,0.018543343,-0.474278822,-0.473407725,-0.472732686,0.337,0
159,0.826912817,-0.737281045,0.018543343,-0.474278822,-0.473407725,-0.473738855,0.337,0
322,0.826912817,-0.737281045,-0.212180275,-0.474278822,-0.473407725,-0.489167454,0.337,0
128,0.826912817,-0.737281045,-0.442903893,-0.474278822,-0.473407725,-0.504342499,0.337,1
484,0.826912817,1.354812621,2.556503138,-0.474278822,-0.473407725,-0.455124724,0.389,1
211,0.826912817,-0.737281045,-0.442903893,-0.474278822,-0.473407725,-0.506187814,0.337,0
147,0.826912817,-0.737281045,-0.212180275,-0.474278822,-0.473407725,-0.491179793,0.337,1
409,0.826912817,-0.737281045,-0.673627511,-0.474278822,-0.473407725,-0.491598359,0.389,0
201,0.826912817,-0.737281045,-0.135272403,-0.474278822,-0.473407725,-0.45688552,0.389,0
356,0.826912817,-0.737281045,-0.135272403,-0.474278822,-0.473407725,-0.45688552,0.389,0
233,-0.369157507,-0.737281045,2.248871648,-0.474278822,-0.473407725,-0.37639198,0.553,0
278,-0.369157507,-0.737281045,0.018543343,-0.474278822,-0.473407725,-0.648057678,0.337,0
482,-0.369157507,-0.737281045,0.018543343,-0.474278822,-0.473407725,-0.648057678,0.337,0
675,-0.369157507,-0.737281045,0.018543343,-0.474278822,-0.473407725,-0.648057678,0.337,0
733,-0.369157507,-0.737281045,0.018543343,-0.474278822,-0.473407725,-0.648057678,0.337,0
314,0.826912817,-0.737281045,-0.135272403,-0.474278822,-0.473407725,-0.489167454,0.337,0
282,0.826912817,-0.737281045,-0.135272403,-0.474278822,-0.473407725,-0.490004587,0.337,0
807,-1.565227831,-0.737281045,0.710714196,-0.474278822,-0.473407725,-0.648057678,0.553,0
785,0.826912817,-0.737281045,-0.36599602,-0.474278822,-0.473407725,-0.506187814,0.337,0
885,0.826912817,-0.737281045,-0.36599602,-0.474278822,-0.473407725,-0.506187814,0.337,0
91,0.826912817,-0.737281045,-0.05836453,-0.474278822,-0.473407725,-0.486064428,0.337,0
757,0.826912817,-0.737281045,-0.135272403,-0.474278822,-0.473407725,-0.491179793,0.337,0
763,0.826912817,-0.737281045,-0.750535383,-0.474278822,-0.473407725,-0.502581703,0.389,1
456,0.826912817,-0.737281045,-0.05836453,-0.474278822,-0.473407725,-0.489167454,0.337,1
828,-0.369157507,-0.737281045,-2.211784963,-0.474278822,2.007805702,0.096592088,0.553,1
264,-1.565227831,-0.737281045,0.787622069,-0.474278822,-0.473407725,-0.648057678,0.553,0
88,0.826912817,-0.737281045,0.018543343,-0.474278822,-0.473407725,-0.486064428,0.337,0
122,0.826912817,-0.737281045,0.018543343,-0.474278822,-0.473407725,-0.486064428,0.337,0
512,0.826912817,-0.737281045,0.018543343,-0.474278822,-0.473407725,-0.486064428,0.337,0
564,0.826912817,-0.737281045,0.018543343,-0.474278822,-0.473407725,-0.486064428,0.337,0
838,0.826912817,-0.737281045,0.018543343,-0.474278822,-0.473407725,-0.486064428,0.337,0
566,0.826912817,-0.737281045,-0.442903893,1.339379678,-0.473407725,-0.162077929,0.337,0
511,0.826912817,-0.737281045,-0.05836453,-0.474278822,-0.473407725,-0.492101444,0.337,1
815,0.826912817,-0.737281045,0.056997279,-0.474278822,-0.473407725,-0.486064428,0.337,0
286,0.826912817,-0.737281045,0.24926696,-0.474278822,-0.473407725,-0.473738855,0.337,0
30,0.826912817,-0.737281045,0.018543343,-0.474278822,-0.473407725,-0.489167454,0.337,0
43,0.826912817,-0.737281045,0.018543343,-0.474278822,-0.473407725,-0.489167454,0.337,0
77,0.826912817,-0.737281045,0.018543343,-0.474278822,-0.473407725,-0.489167454,0.337,0
102,0.826912817,-0.737281045,0.018543343,-0.474278822,-0.473407725,-0.489167454,0.337,0
224,0.826912817,-0.737281045,0.018543343,-0.474278822,-0.473407725,-0.489167454,0.337,0
336,0.826912817,-0.737281045,0.018543343,-0.474278822,-0.473407725,-0.489167454,0.337,0
385,0.826912817,-0.737281045,0.018543343,-0.474278822,-0.473407725,-0.489167454,0.337,0
411,0.826912817,-0.737281045,0.018543343,-0.474278822,-0.473407725,-0.489167454,0.337,0
421,0.826912817,-0.737281045,0.018543343,-0.474278822,-0.473407725,-0.489167454,0.337,0
607,0.826912817,-0.737281045,0.018543343,-0.474278822,-0.473407725,-0.489167454,0.337,0
657,0.826912817,-0.737281045,0.018543343,-0.474278822,-0.473407725,-0.489167454,0.337,0
739,0.826912817,-0.737281045,0.018543343,-0.474278822,-0.473407725,-0.489167454,0.337,0
740,0.826912817,-0.737281045,0.018543343,-0.474278822,-0.473407725,-0.489167454,0.337,0
770,0.826912817,-0.737281045,0.172359088,-0.474278822,-0.473407725,-0.479775871,0.337,0
553,0.826912817,-0.737281045,0.018543343,-0.474278822,-0.473407725,-0.490507672,0.337,0
108,0.826912817,-0.737281045,0.018543343,-0.474278822,-0.473407725,-0.491598359,0.337,1
668,0.826912817,-0.737281045,0.018543343,-0.474278822,-0.473407725,-0.491598359,0.337,0
197,0.826912817,-0.737281045,0.018543343,-0.474278822,-0.473407725,-0.492101444,0.337,0
261,0.826912817,-0.737281045,0.018543343,-0.474278822,-0.473407725,-0.492101444,0.337,0
429,0.826912817,-0.737281045,0.018543343,-0.474278822,-0.473407725,-0.492101444,0.337,0
460,0.826912817,-0.737281045,0.018543343,-0.474278822,-0.473407725,-0.492101444,0.337,0
561,0.826912817,-0.737281045,0.018543343,-0.474278822,-0.473407725,-0.492101444,0.337,0
614,0.826912817,-0.737281045,0.018543343,-0.474278822,-0.473407725,-0.492101444,0.337,0
791,0.826912817,-0.737281045,0.018543343,-0.474278822,-0.473407725,-0.492101444,0.337,0
829,0.826912817,-0.737281045,0.018543343,-0.474278822,-0.473407725,-0.492101444,0.337,1
630,0.826912817,-0.737281045,0.018543343,-0.474278822,-0.473407725,-0.492437505,0.337,0
389,0.826912817,-0.737281045,0.018543343,-0.474278822,-0.473407725,-0.49252001,0.337,0
805,0.826912817,-0.737281045,-0.212180275,-0.474278822,-0.473407725,-0.507697067,0.337,1
469,0.826912817,-0.737281045,0.018543343,-0.474278822,-0.473407725,-0.492604529,0.337,0
745,0.826912817,-0.737281045,0.095451215,-0.474278822,-0.473407725,-0.488579852,0.337,1
58,0.826912817,-0.737281045,-0.096818466,-0.474278822,-0.473407725,-0.502581703,0.337,0
649,0.826912817,-0.737281045,0.018543343,-0.474278822,-0.473407725,-0.496126121,0.337,0
430,0.826912817,-0.737281045,0.172359088,-0.474278822,-0.473407725,-0.486064428,0.337,1
806,0.826912817,-0.737281045,0.095451215,-0.474278822,-0.473407725,-0.491598359,0.337,0
515,0.826912817,-0.737281045,-0.442903893,-0.474278822,-0.473407725,-0.497216808,0.389,0
704,0.826912817,-0.737281045,-0.36599602,-0.474278822,-0.473407725,-0.492268468,0.389,0
609,-0.369157507,1.354812621,-0.596719638,0.432550428,2.007805702,0.188656575,0.553,1
383,0.826912817,-0.737281045,0.172359088,-0.474278822,-0.473407725,-0.488579852,0.337,0
580,0.826912817,-0.737281045,0.172359088,-0.474278822,-0.473407725,-0.488579852,0.337,1
637,0.826912817,-0.737281045,0.172359088,-0.474278822,-0.473407725,-0.488579852,0.337,0
520,0.826912817,-0.737281045,0.172359088,-0.474278822,-0.473407725,-0.489167454,0.337,0
570,0.826912817,-0.737281045,0.172359088,-0.474278822,-0.473407725,-0.490004587,0.337,1
155,0.826912817,-0.737281045,0.018543343,-0.474278822,-0.473407725,-0.500905425,0.337,0
254,0.826912817,-0.737281045,0.018543343,0.432550428,-0.473407725,-0.324071178,0.337,0
640,0.826912817,-0.737281045,0.018543343,0.432550428,-0.473407725,-0.324071178,0.337,0
251,0.826912817,-0.737281045,0.018543343,-0.474278822,-0.473407725,-0.502163137,0.337,0
366,0.826912817,-0.737281045,0.018543343,-0.474278822,-0.473407725,-0.502163137,0.337,0
471,0.826912817,-0.737281045,0.018543343,-0.474278822,-0.473407725,-0.502163137,0.337,0
891,0.826912817,-0.737281045,0.172359088,-0.474278822,-0.473407725,-0.492101444,0.337,0
532,0.826912817,-0.737281045,0.018543343,-0.474278822,-0.473407725,-0.502581703,0.337,0
569,0.826912817,-0.737281045,0.018543343,-0.474278822,-0.473407725,-0.502581703,0.337,0
799,0.826912817,-0.737281045,0.018543343,-0.474278822,-0.473407725,-0.502581703,0.337,0
833,0.826912817,-0.737281045,0.018543343,-0.474278822,-0.473407725,-0.502581703,0.337,0
860,0.826912817,-0.737281045,0.018543343,-0.474278822,-0.473407725,-0.502581703,0.337,0
27,0.826912817,-0.737281045,0.018543343,-0.474278822,-0.473407725,-0.502666221,0.337,0
245,0.826912817,-0.737281045,0.018543343,-0.474278822,-0.473407725,-0.502666221,0.337,0
131,0.826912817,-0.737281045,0.24926696,-0.474278822,-0.473407725,-0.489167454,0.337,0
882,0.826912817,-0.737281045,0.24926696,-0.474278822,-0.473407725,-0.489167454,0.337,0
206,0.826912817,1.354812621,-2.13487709,-0.474278822,0.767198989,-0.437516762,0.337,0
703,0.826912817,1.354812621,-0.904351128,-0.474278822,0.767198989,-0.357190246,0.337,0
759,0.826912817,-0.737281045,0.326174833,-0.474278822,-0.473407725,-0.486064428,0.337,0
826,0.826912817,-0.737281045,0.018543343,-0.474278822,-0.473407725,-0.508200152,0.337,0
106,0.826912817,-0.737281045,-0.135272403,-0.474278822,-0.473407725,-0.489167454,0.389,0
5,0.826912817,-0.737281045,0.403082706,-0.474278822,-0.473407725,-0.486064428,0.337,0
615,0.826912817,-0.737281045,0.403082706,-0.474278822,-0.473407725,-0.486064428,0.337,0
74,0.826912817,-0.737281045,-0.289088148,0.432550428,-0.473407725,-0.357190246,0.337,0
848,0.826912817,-0.737281045,0.403082706,-0.474278822,-0.473407725,-0.489167454,0.337,0
96,0.826912817,-0.737281045,0.018543343,-0.474278822,-0.473407725,-0.486064428,0.389,0
455,0.826912817,-0.737281045,0.018543343,-0.474278822,-0.473407725,-0.486064428,0.389,0
207,0.826912817,-0.737281045,0.172359088,0.432550428,-0.473407725,-0.329102025,0.337,0
379,0.826912817,-0.737281045,-0.750535383,-0.474278822,-0.473407725,-0.567312596,0.337,0
832,-0.369157507,-0.737281045,-2.224859301,0.432550428,0.767198989,-0.270744208,0.337,1
638,-0.369157507,-0.737281045,0.095451215,0.432550428,0.767198989,-0.11981882,0.337,0
104,0.826912817,-0.737281045,0.24926696,-0.474278822,-0.473407725,-0.473905879,0.389,0
879,0.826912817,-0.737281045,0.018543343,-0.474278822,-0.473407725,-0.489167454,0.389,0
621,0.826912817,-0.737281045,-0.212180275,0.432550428,-0.473407725,-0.357190246,0.337,0
127,0.826912817,-0.737281045,0.018543343,-0.474278822,-0.473407725,-0.492101444,0.389,0
591,0.826912817,-0.737281045,0.403082706,-0.474278822,-0.473407725,-0.50467856,0.337,0
364,0.826912817,-0.737281045,0.403082706,-0.474278822,-0.473407725,-0.506187814,0.337,0
845,0.826912817,-0.737281045,-0.981259001,-0.474278822,-0.473407725,-0.473738855,0.553,0
401,0.826912817,-0.737281045,0.710714196,-0.474278822,-0.473407725,-0.488579852,0.337,1
529,0.826912817,-0.737281045,0.710714196,-0.474278822,-0.473407725,-0.488579852,0.337,0
612,0.826912817,-0.737281045,0.018543343,-0.474278822,-0.473407725,-0.506187814,0.389,0
462,0.826912817,-0.737281045,0.326174833,-0.474278822,-0.473407725,-0.486064428,0.389,0
720,0.826912817,-0.737281045,0.24926696,-0.474278822,-0.473407725,-0.491598359,0.389,0
203,0.826912817,-0.737281045,0.326174833,-0.474278822,-0.473407725,-0.517340194,0.337,0
844,0.826912817,-0.737281045,0.364628769,-0.474278822,-0.473407725,-0.518513387,0.337,0
606,0.826912817,-0.737281045,0.479990578,0.432550428,-0.473407725,-0.33513904,0.337,0
526,0.826912817,-0.737281045,0.826076005,-0.474278822,-0.473407725,-0.492101444,0.337,0
466,0.826912817,-0.737281045,0.633806323,-0.474278822,-0.473407725,-0.506187814,0.337,0
79,-0.369157507,-0.737281045,-2.224859301,-0.474278822,2.007805702,-0.064479511,0.389,1
669,0.826912817,-0.737281045,1.018345686,-0.474278822,-0.473407725,-0.486064428,0.337,0
874,0.826912817,-0.737281045,1.325977177,-0.474278822,-0.473407725,-0.466947213,0.337,0
68,0.826912817,-0.737281045,-0.827443256,-0.474278822,-0.473407725,-0.483885066,0.553,0
700,0.826912817,-0.737281045,0.941437814,-0.474278822,-0.473407725,-0.494113782,0.337,0
689,0.826912817,-0.737281045,-0.904351128,-0.474278822,-0.473407725,-0.491179793,0.553,0
846,0.826912817,-0.737281045,0.941437814,-0.474278822,-0.473407725,-0.496126121,0.337,0
604,0.826912817,-0.737281045,1.095253559,-0.474278822,-0.473407725,-0.486064428,0.337,0
408,-0.369157507,-0.737281045,-2.057969217,0.432550428,0.767198989,-0.270744208,0.389,1
415,0.826912817,-0.737281045,1.095253559,-0.474278822,-0.473407725,-0.488579852,0.337,1
109,0.826912817,-0.737281045,0.633806323,-0.474278822,-0.473407725,-0.489167454,0.389,0
762,0.826912817,-0.737281045,0.864529941,-0.474278822,-0.473407725,-0.50467856,0.337,0
13,0.826912817,-0.737281045,-0.750535383,-0.474278822,-0.473407725,-0.486064428,0.553,0
339,0.826912817,-0.737281045,1.172161432,-0.474278822,-0.473407725,-0.486064428,0.337,1
302,0.826912817,-0.737281045,0.018543343,1.339379678,-0.473407725,-0.180188975,0.389,1
507,-0.369157507,1.354812621,0.24926696,-0.474278822,2.007805702,-0.124849666,0.337,1
38,0.826912817,-0.737281045,-0.673627511,-0.474278822,-0.473407725,-0.486064428,0.553,0
59,-0.369157507,1.354812621,-1.904153472,0.432550428,2.007805702,-0.089633742,0.337,1
49,0.826912817,-0.737281045,0.018543343,1.339379678,-0.473407725,-0.211798788,0.337,0
11,0.826912817,1.354812621,-1.981061345,0.432550428,0.767198989,-0.311997147,0.337,1
354,0.826912817,-0.737281045,-0.36599602,0.432550428,-0.473407725,-0.289861424,0.553,0
334,0.826912817,-0.737281045,-1.058166874,1.339379678,-0.473407725,-0.285836747,0.337,0
392,0.826912817,-0.737281045,-0.673627511,-0.474278822,-0.473407725,-0.491179793,0.553,1
422,0.826912817,-0.737281045,-0.673627511,-0.474278822,-0.473407725,-0.492437505,0.553,0
82,0.826912817,-0.737281045,-0.05836453,-0.474278822,-0.473407725,-0.45688552,0.553,1
315,-0.369157507,-0.737281045,1.018345686,0.432550428,0.767198989,-0.11981882,0.337,0
692,0.826912817,1.354812621,-1.981061345,-0.474278822,0.767198989,-0.378068258,0.553,1
132,0.826912817,-0.737281045,-0.750535383,-0.474278822,-0.473407725,-0.506187814,0.553,0
772,0.826912817,-0.737281045,1.402885049,-0.474278822,-0.473407725,-0.490004587,0.337,0
662,0.826912817,-0.737281045,0.787622069,-0.474278822,-0.473407725,-0.502666221,0.389,0
819,0.826912817,-0.737281045,1.018345686,-0.474278822,-0.473407725,-0.518261845,0.337,0
129,0.826912817,1.354812621,0.018543343,0.432550428,0.767198989,-0.198132998,0.337,1
593,0.826912817,-0.737281045,1.325977177,-0.474278822,-0.473407725,-0.502163137,0.337,0
824,0.826912817,1.354812621,-0.212180275,-0.474278822,0.767198989,-0.397018449,0.337,1
303,0.826912817,-0.737281045,-0.827443256,-0.474278822,-0.473407725,-0.648057678,0.337,0
686,-0.369157507,-0.737281045,-0.36599602,0.432550428,2.007805702,0.188656575,0.389,0
786,0.826912817,-0.737281045,-0.36599602,-0.474278822,-0.473407725,-0.502163137,0.553,0
756,-0.369157507,-0.737281045,-2.237164561,0.432550428,0.767198989,-0.356268595,0.337,1
694,0.826912817,-0.737281045,-0.36599602,-0.474278822,-0.473407725,-0.502666221,0.553,0
6,0.826912817,-0.737281045,0.018543343,-0.474278822,-0.473407725,-0.47784805,0.553,0
414,-0.369157507,-0.737281045,0.018543343,-0.474278822,-0.473407725,-0.648057678,0.553,0
467,-0.369157507,-0.737281045,0.018543343,-0.474278822,-0.473407725,-0.648057678,0.553,0
856,0.826912817,1.354812621,-0.904351128,-0.474278822,0.767198989,-0.459904028,0.337,1
423,0.826912817,-0.737281045,-0.05836453,-0.474278822,-0.473407725,-0.489586021,0.553,0
445,0.826912817,-0.737281045,0.018543343,-0.474278822,-0.473407725,-0.484806717,0.553,1
46,0.826912817,-0.737281045,0.018543343,-0.474278822,-0.473407725,-0.486064428,0.553,0
78,0.826912817,-0.737281045,0.018543343,-0.474278822,-0.473407725,-0.486064428,0.553,0
158,0.826912817,-0.737281045,0.018543343,-0.474278822,-0.473407725,-0.486064428,0.553,0
305,0.826912817,-0.737281045,0.018543343,-0.474278822,-0.473407725,-0.486064428,0.553,0
465,0.826912817,-0.737281045,0.018543343,-0.474278822,-0.473407725,-0.486064428,0.553,0
489,0.826912817,-0.737281045,0.018543343,-0.474278822,-0.473407725,-0.486064428,0.553,0
590,0.826912817,-0.737281045,0.018543343,-0.474278822,-0.473407725,-0.486064428,0.553,0
232,0.826912817,-0.737281045,-0.05836453,-0.474278822,-0.473407725,-0.491598359,0.553,0
632,0.826912817,-0.737281045,1.633608667,-0.474278822,-0.473407725,-0.506103295,0.337,0
602,0.826912817,-0.737281045,0.018543343,-0.474278822,-0.473407725,-0.489167454,0.553,0
651,0.826912817,-0.737281045,0.018543343,-0.474278822,-0.473407725,-0.489167454,0.553,0
153,0.826912817,-0.737281045,1.979694094,-0.474278822,-0.473407725,-0.486064428,0.337,0
665,0.826912817,-0.737281045,-0.750535383,0.432550428,-0.473407725,-0.488579852,0.337,1
777,0.826912817,-0.737281045,0.018543343,-0.474278822,-0.473407725,-0.492101444,0.553,0
779,0.826912817,-0.737281045,0.018543343,-0.474278822,-0.473407725,-0.492352986,0.553,0
722,0.826912817,-0.737281045,-0.981259001,0.432550428,-0.473407725,-0.506103295,0.337,0
853,0.826912817,1.354812621,-1.596521982,0.432550428,0.767198989,-0.341260574,0.337,0
404,0.826912817,-0.737281045,-0.135272403,0.432550428,-0.473407725,-0.329102025,0.553,0
750,0.826912817,-0.737281045,0.095451215,-0.474278822,-0.473407725,-0.492101444,0.553,0
272,0.826912817,-0.737281045,-0.36599602,-0.474278822,-0.473407725,-0.648057678,0.337,1
426,0.826912817,-0.737281045,0.018543343,-0.474278822,-0.473407725,-0.502163137,0.553,0
37,0.826912817,-0.737281045,0.018543343,-0.474278822,-0.473407725,-0.502581703,0.553,1
525,0.826912817,-0.737281045,0.018543343,-0.474278822,-0.473407725,-0.502581703,0.553,0
355,0.826912817,-0.737281045,0.018543343,-0.474278822,-0.473407725,-0.502666221,0.553,0
523,0.826912817,-0.737281045,0.018543343,-0.474278822,-0.473407725,-0.502666221,0.553,0
599,0.826912817,-0.737281045,0.018543343,-0.474278822,-0.473407725,-0.502666221,0.553,0
774,0.826912817,-0.737281045,0.018543343,-0.474278822,-0.473407725,-0.502666221,0.553,0
41,0.826912817,1.354812621,0.787622069,0.432550428,-0.473407725,-0.457388605,0.553,0
126,0.826912817,-0.737281045,-1.365798364,0.432550428,-0.473407725,-0.42183662,0.553,1
412,0.826912817,-0.737281045,0.018543343,-0.474278822,-0.473407725,-0.510045466,0.553,0
47,0.826912817,-0.737281045,0.018543343,0.432550428,-0.473407725,-0.33614521,0.553,0
365,0.826912817,-0.737281045,0.018543343,0.432550428,-0.473407725,-0.33614521,0.553,0
1,0.826912817,-0.737281045,-0.596719638,0.432550428,-0.473407725,-0.502163137,0.337,0
472,0.826912817,-0.737281045,0.633806323,-0.474278822,-0.473407725,-0.473738855,0.553,0
190,0.826912817,-0.737281045,0.479990578,-0.474278822,-0.473407725,-0.489167454,0.553,0
705,0.826912817,-0.737281045,-0.289088148,0.432550428,-0.473407725,-0.490004587,0.337,0
280,0.826912817,1.354812621,0.403082706,0.432550428,0.767198989,-0.24055913,0.337,1
664,0.826912817,-0.737281045,0.479990578,-0.474278822,-0.473407725,-0.497216808,0.553,0
420,0.826912817,1.354812621,-1.519614109,-0.474278822,2.007805702,-0.162077929,0.337,0
350,0.826912817,-0.737281045,0.941437814,-0.474278822,-0.473407725,-0.473738855,0.553,0
173,0.826912817,1.354812621,-2.211784963,0.432550428,0.767198989,-0.424017995,0.337,1
562,0.826912817,-0.737281045,0.787622069,-0.474278822,-0.473407725,-0.489167454,0.553,0
185,0.826912817,1.354812621,-1.981061345,-0.474278822,2.007805702,-0.204840122,0.337,1
281,0.826912817,-0.737281045,2.710318883,-0.474278822,-0.473407725,-0.492101444,0.337,0
215,0.826912817,-0.737281045,0.018543343,0.432550428,-0.473407725,-0.492101444,0.337,0
800,0.826912817,1.354812621,0.018543343,0.432550428,0.767198989,-0.162077929,0.553,0
470,0.826912817,1.354812621,-2.231011931,1.339379678,0.767198989,-0.260515491,0.337,1
327,0.826912817,-0.737281045,2.402687393,-0.474278822,-0.473407725,-0.522538064,0.337,0
697,0.826912817,-0.737281045,1.095253559,-0.474278822,-0.473407725,-0.486064428,0.553,0
86,0.826912817,1.354812621,0.24926696,2.246208929,-0.473407725,-0.329102025,0.337,1
204,0.826912817,-0.737281045,1.210615368,-0.474278822,-0.473407725,-0.502666221,0.553,0
473,-0.369157507,1.354812621,0.24926696,0.432550428,2.007805702,-0.089633742,0.337,1
130,0.826912817,-0.737281045,1.172161432,-0.474278822,-0.473407725,-0.507697067,0.553,0
483,0.826912817,-0.737281045,1.556700794,-0.474278822,-0.473407725,-0.486064428,0.553,0
804,0.826912817,-0.737281045,-2.256391529,-0.474278822,0.767198989,-0.476672845,0.337,1
852,0.826912817,-0.737281045,3.402489737,-0.474278822,-0.473407725,-0.491598359,0.337,0
223,0.826912817,-0.737281045,1.633608667,-0.474278822,-0.473407725,-0.486064428,0.553,0
407,0.826912817,-0.737281045,1.633608667,-0.474278822,-0.473407725,-0.492101444,0.553,0
449,0.826912817,1.354812621,-1.904153472,1.339379678,0.767198989,-0.260515491,0.389,1
658,0.826912817,1.354812621,0.172359088,0.432550428,0.767198989,-0.33614521,0.337,0
747,0.826912817,-0.737281045,-1.058166874,0.432550428,0.767198989,-0.24055913,0.337,0
424,0.826912817,1.354812621,-0.135272403,0.432550428,0.767198989,-0.358280933,0.337,0
598,0.826912817,-0.737281045,1.479792922,-0.474278822,-0.473407725,-0.648057678,0.337,0
329,0.826912817,1.354812621,0.095451215,0.432550428,0.767198989,-0.235025199,0.553,1
248,-0.369157507,1.354812621,-0.442903893,-0.474278822,2.007805702,-0.356268595,0.337,1
349,0.826912817,-0.737281045,-2.057969217,0.432550428,0.767198989,-0.328095856,0.337,1
372,0.826912817,-0.737281045,-0.904351128,0.432550428,-0.473407725,-0.517340194,0.553,0
149,-0.369157507,-0.737281045,0.518444514,-0.474278822,2.007805702,-0.124849666,0.337,0
363,0.826912817,1.354812621,1.172161432,-0.474278822,0.767198989,-0.357190246,0.553,0
268,0.826912817,-0.737281045,-0.36599602,0.432550428,-0.473407725,-0.491598359,0.553,1
443,0.826912817,-0.737281045,-0.36599602,0.432550428,-0.473407725,-0.491598359,0.553,0
95,0.826912817,-0.737281045,2.248871648,-0.474278822,-0.473407725,-0.502163137,0.553,0
861,0.826912817,-0.737281045,0.864529941,1.339379678,-0.473407725,-0.364150925,0.337,0
382,0.826912817,1.354812621,-2.211784963,-0.474278822,2.007805702,-0.331281387,0.337,1
161,0.826912817,-0.737281045,1.095253559,-0.474278822,0.767198989,-0.324071178,0.337,0
418,-0.369157507,1.354812621,-0.904351128,-0.474278822,2.007805702,-0.386453672,0.389,1
490,0.826912817,-0.737281045,-1.596521982,0.432550428,0.767198989,-0.328095856,0.337,1
752,0.826912817,-0.737281045,-1.8272456,-0.474278822,0.767198989,-0.397018449,0.553,1
165,0.826912817,-0.737281045,-2.211784963,3.153038179,0.767198989,0.150589167,0.337,0
645,0.826912817,1.354812621,-2.231011931,1.339379678,0.767198989,-0.260515491,0.553,1
180,0.826912817,-0.737281045,0.479990578,-0.474278822,-0.473407725,-0.648057678,0.553,0
478,0.826912817,-0.737281045,-0.05836453,0.432550428,-0.473407725,-0.506272332,0.553,0
70,0.826912817,-0.737281045,-0.289088148,1.339379678,-0.473407725,-0.473738855,0.337,0
549,0.826912817,-0.737281045,0.24926696,0.432550428,0.767198989,-0.235025199,0.337,0
252,0.826912817,1.354812621,-0.05836453,0.432550428,0.767198989,-0.437516762,0.337,0
117,0.826912817,-0.737281045,3.133312183,-0.474278822,-0.473407725,-0.492101444,0.553,0
375,0.826912817,1.354812621,-2.057969217,2.246208929,0.767198989,-0.223957338,0.337,0
51,0.826912817,-0.737281045,-1.750337727,3.153038179,0.767198989,0.150589167,0.337,0
393,0.826912817,-0.737281045,-0.135272403,1.339379678,-0.473407725,-0.488579852,0.337,0
825,0.826912817,-0.737281045,-2.13487709,3.153038179,0.767198989,0.150589167,0.389,0
623,0.826912817,-0.737281045,-0.750535383,0.432550428,0.767198989,-0.331281387,0.337,1
25,0.826912817,1.354812621,-1.673429854,2.246208929,0.767198989,-0.223957338,0.337,0
870,0.826912817,-0.737281045,-1.981061345,0.432550428,0.767198989,-0.424017995,0.337,1
687,0.826912817,-0.737281045,-1.211982619,3.153038179,0.767198989,0.150589167,0.337,0
425,0.826912817,-0.737281045,-0.904351128,0.432550428,0.767198989,-0.241313757,0.553,0
267,0.826912817,-0.737281045,-1.058166874,3.153038179,0.767198989,0.150589167,0.337,0
230,0.826912817,1.354812621,0.018543343,2.246208929,0.767198989,-0.135581467,0.337,0
105,0.826912817,-0.737281045,0.556898451,1.339379678,-0.473407725,-0.488579852,0.337,0
596,0.826912817,-0.737281045,0.479990578,0.432550428,0.767198989,-0.162077929,0.553,0
166,0.826912817,-0.737281045,-1.596521982,-0.474278822,2.007805702,-0.235025199,0.337,1
66,0.826912817,-0.737281045,0.018543343,0.432550428,0.767198989,-0.341260574,0.337,1
710,0.826912817,-0.737281045,0.018543343,0.432550428,0.767198989,-0.341260574,0.337,1
486,0.826912817,1.354812621,0.018543343,2.246208929,0.767198989,-0.135581467,0.389,0
534,0.826912817,1.354812621,0.018543343,-0.474278822,2.007805702,-0.198132998,0.553,1
148,0.826912817,1.354812621,-1.596521982,1.339379678,2.007805702,0.043683684,0.553,0
198,0.826912817,-0.737281045,0.941437814,-0.474278822,0.767198989,-0.478936725,0.337,0
451,-0.369157507,-0.737281045,0.479990578,0.432550428,2.007805702,-0.089633742,0.389,0
256,0.826912817,1.354812621,-0.05836453,-0.474278822,2.007805702,-0.341260574,0.337,1
617,0.826912817,-0.737281045,0.326174833,0.432550428,0.767198989,-0.358280933,0.337,0
889,0.826912817,1.354812621,0.018543343,0.432550428,2.007805702,-0.176164298,0.337,0
530,-0.369157507,-0.737281045,-0.519811766,1.339379678,0.767198989,-0.41663875,0.337,0
141,0.826912817,1.354812621,0.018543343,-0.474278822,2.007805702,-0.341260574,0.389,0
437,0.826912817,1.354812621,-0.673627511,1.339379678,2.007805702,0.043683684,0.553,0
353,0.826912817,-0.737281045,-1.135074746,0.432550428,0.767198989,-0.502581703,0.337,0
176,0.826912817,-0.737281045,-0.904351128,0.432550428,0.767198989,-0.490004587,0.337,0
533,0.826912817,-0.737281045,-0.981259001,0.432550428,0.767198989,-0.502581703,0.337,0
8,0.826912817,-0.737281045,-2.13487709,2.246208929,0.767198989,-0.223957338,0.337,0
410,0.826912817,1.354812621,0.018543343,2.246208929,0.767198989,-0.135581467,0.553,0
395,0.826912817,1.354812621,-0.442903893,-0.474278822,2.007805702,-0.311997147,0.553,1
9,0.826912817,1.354812621,-0.212180275,-0.474278822,2.007805702,-0.424017995,0.337,1
17,0.826912817,-0.737281045,-2.13487709,3.153038179,0.767198989,-0.061964088,0.337,0
255,0.826912817,1.354812621,0.864529941,-0.474278822,2.007805702,-0.241313757,0.553,0
172,0.826912817,-0.737281045,-1.981061345,3.153038179,0.767198989,-0.061964088,0.337,0
789,0.826912817,-0.737281045,-2.211784963,0.432550428,2.007805702,-0.23401903,0.337,1
279,0.826912817,-0.737281045,-1.750337727,3.153038179,0.767198989,-0.061964088,0.337,0
788,0.826912817,-0.737281045,-1.673429854,3.153038179,0.767198989,-0.061964088,0.337,0
643,0.826912817,1.354812621,-2.13487709,2.246208929,2.007805702,-0.086615234,0.337,0
189,0.826912817,-0.737281045,0.787622069,0.432550428,0.767198989,-0.33614521,0.553,0
594,0.826912817,1.354812621,0.018543343,-0.474278822,2.007805702,-0.492101444,0.337,0
635,0.826912817,1.354812621,-1.596521982,2.246208929,2.007805702,-0.086615234,0.337,0
784,0.826912817,-0.737281045,0.018543343,0.432550428,2.007805702,-0.176164298,0.337,0
72,0.826912817,1.354812621,-1.058166874,4.059867429,2.007805702,0.295729082,0.389,0
177,0.826912817,-0.737281045,0.018543343,2.246208929,0.767198989,-0.135581467,0.553,0
94,0.826912817,-0.737281045,-0.289088148,0.432550428,2.007805702,-0.23401903,0.389,0
234,0.826912817,1.354812621,-1.904153472,3.153038179,2.007805702,-0.016434929,0.337,1
814,0.826912817,1.354812621,-1.8272456,3.153038179,2.007805702,-0.01869881,0.337,0
737,0.826912817,1.354812621,1.402885049,0.432550428,3.248412416,0.043683684,0.337,0
542,0.826912817,1.354812621,-1.596521982,3.153038179,2.007805702,-0.01869881,0.337,0
387,0.826912817,-0.737281045,-2.211784963,4.059867429,2.007805702,0.295729082,0.337,0
87,0.826912817,-0.737281045,-1.058166874,0.432550428,3.248412416,0.043683684,0.337,0
481,0.826912817,-0.737281045,-1.596521982,4.059867429,2.007805702,0.295729082,0.337,0
181,0.826912817,1.354812621,0.018543343,6.78035518,2.007805702,0.751523754,0.337,0
793,0.826912817,1.354812621,0.018543343,6.78035518,2.007805702,0.751523754,0.337,0
864,0.826912817,1.354812621,0.018543343,6.78035518,2.007805702,0.751523754,0.337,0
60,0.826912817,-0.737281045,-1.442706237,4.059867429,2.007805702,0.295729082,0.337,0
684,0.826912817,-0.737281045,-1.211982619,4.059867429,2.007805702,0.295729082,0.337,0
775,-0.369157507,1.354812621,1.864332285,0.432550428,3.248412416,-0.185219821,0.337,1
120,0.826912817,1.354812621,-2.13487709,3.153038179,2.007805702,-0.01869881,0.553,0
154,0.826912817,-0.737281045,0.826076005,-0.474278822,2.007805702,-0.356268595,0.553,0
820,0.826912817,-0.737281045,-1.519614109,2.246208929,2.007805702,-0.086615234,0.389,0
859,0.826912817,1.354812621,-0.442903893,-0.474278822,3.248412416,-0.260515491,0.553,1
543,0.826912817,1.354812621,-1.442706237,3.153038179,2.007805702,-0.01869881,0.553,0
851,0.826912817,-0.737281045,-1.981061345,3.153038179,2.007805702,-0.01869881,0.337,0
64,0.826912817,-0.737281045,-1.981061345,2.246208929,2.007805702,-0.086615234,0.553,0
183,0.826912817,-0.737281045,-1.596521982,3.153038179,2.007805702,-0.016434929,0.337,0
438,-0.369157507,1.354812621,-0.442903893,1.339379678,3.248412416,-0.270744208,0.337,1
202,0.826912817,-0.737281045,0.018543343,6.78035518,2.007805702,0.751523754,0.337,0
325,0.826912817,-0.737281045,0.018543343,6.78035518,2.007805702,0.751523754,0.337,0
160,0.826912817,-0.737281045,0.018543343,6.78035518,2.007805702,0.751523754,0.389,0
847,0.826912817,-0.737281045,0.018543343,6.78035518,2.007805702,0.751523754,0.389,0
262,0.826912817,-0.737281045,-2.057969217,3.153038179,2.007805702,-0.016434929,0.553,1
568,0.826912817,1.354812621,-0.05836453,-0.474278822,4.489019129,-0.223957338,0.337,0
639,0.826912817,1.354812621,0.864529941,-0.474278822,5.729625843,0.150589167,0.337,0
168,0.826912817,1.354812621,1.172161432,0.432550428,4.489019129,-0.086615234,0.337,0
69,0.826912817,1.354812621,-0.981259001,3.153038179,2.007805702,-0.488579852,0.382322835,1
361,0.826912817,-0.737281045,0.787622069,0.432550428,4.489019129,-0.086615234,0.337,0
886,0.826912817,1.354812621,0.710714196,-0.474278822,5.729625843,-0.061964088,0.553,0
26,0.826912817,1.354812621,0.633806323,0.432550428,5.729625843,-0.016434929,0.337,1
611,0.826912817,1.354812621,0.710714196,0.432550428,5.729625843,-0.01869881,0.389,0
679,0.826912817,1.354812621,1.018345686,0.432550428,6.970232556,0.295729082,0.337,0
14,0.826912817,-0.737281045,0.710714196,0.432550428,5.729625843,-0.01869881,0.337,0
