PassengerId,Pclass,Sex,Age,SibSp,Parch,Fare,Port of Entry,Survived,Scoring,,,,,,,,,,
,,,,,,,,,,,,,,,,,,,
,,,,,,,,,,,,,,,,,,,
259,-1.565227831,1.354812621,0.403082706,-0.474278822,-0.473407725,9.661740105,0.389,1,2.445841574,,,,,,,,,,
738,-1.565227831,-0.737281045,0.403082706,-0.474278822,-0.473407725,9.661740105,0.553,1,2.379095723,,,-0.034663629,0.02079078,-0.016075439,-0.047901226,-0.076218484,0.244908591,-0.141765805,0.397091081
680,-1.565227831,-0.737281045,0.479990578,-0.474278822,0.767198989,9.661740105,0.337,1,2.313923645,,,,,,,,,,
717,-1.565227831,1.354812621,0.633806323,-0.474278822,-0.473407725,3.930515514,0.337,1,1.045878271,,,,,,,,,,
381,-1.565227831,1.354812621,0.941437814,-0.474278822,-0.473407725,3.930515514,0.337,1,1.04093296,,,,,,,,,,
300,-1.565227831,1.354812621,1.556700794,-0.474278822,0.767198989,4.332898697,0.337,1,1.035032272,,,,,,,,,,
701,-1.565227831,1.354812621,-0.904351128,0.432550428,-0.473407725,3.930515514,0.389,1,1.019794772,,,,,,,,,,
558,-1.565227831,-0.737281045,0.018543343,-0.474278822,-0.473407725,3.930515514,0.337,0,1.012272634,,,,,,,,,,
119,-1.565227831,-0.737281045,-0.442903893,-0.474278822,0.767198989,4.332898697,0.553,0,0.993059122,,,,,,,,,,
528,-1.565227831,-0.737281045,0.018543343,-0.474278822,-0.473407725,3.814890568,0.337,0,0.983955091,,,,,,,,,,
731,-1.565227831,1.354812621,-0.05836453,-0.474278822,-0.473407725,3.604768218,0.337,1,0.977226909,,,,,,,,,,
312,-1.565227831,1.354812621,-0.904351128,1.339379678,2.007805702,4.631815484,0.337,1,0.966368422,,,,,,,,,,
743,-1.565227831,1.354812621,-0.673627511,1.339379678,2.007805702,4.631815484,0.337,1,0.962659439,,,,,,,,,,
342,-1.565227831,1.354812621,-0.442903893,2.246208929,2.007805702,4.6443926,0.337,1,0.918592467,,,,,,,,,,
89,-1.565227831,1.354812621,-0.519811766,2.246208929,2.007805702,4.6443926,0.553,1,0.88920738,,,,,,,,,,
690,-1.565227831,1.354812621,-1.135074746,-0.474278822,0.767198989,3.604768218,0.553,1,0.869356921,,,,,,,,,,
28,-1.565227831,-0.737281045,-0.827443256,2.246208929,2.007805702,4.6443926,0.553,0,0.850656433,,,,,,,,,,
780,-1.565227831,1.354812621,1.018345686,-0.474278822,0.767198989,3.604768218,0.553,1,0.834739743,,,,,,,,,,
378,-1.565227831,-0.737281045,-0.212180275,-0.474278822,2.007805702,3.608038268,0.337,0,0.747889842,,,,,,,,,,
439,-1.565227831,-0.737281045,2.633411011,0.432550428,4.489019129,4.6443926,0.553,0,0.692783821,,,,,,,,,,
709,-1.565227831,1.354812621,-0.596719638,-0.474278822,-0.473407725,2.401641332,0.337,1,0.691225093,,,,,,,,,,
610,-1.565227831,1.354812621,0.787622069,-0.474278822,-0.473407725,2.440127306,0.337,1,0.678396739,,,,,,,,,,
196,-1.565227831,1.354812621,2.171963775,-0.474278822,-0.473407725,2.300436803,0.337,1,0.621931434,,,,,,,,,,
270,-1.565227831,1.354812621,0.403082706,-0.474278822,-0.473407725,2.081343448,0.337,1,0.596709128,,,,,,,,,,
326,-1.565227831,1.354812621,0.479990578,-0.474278822,-0.473407725,2.081343448,0.337,1,0.5954728,,,,,,,,,,
857,-1.565227831,1.354812621,1.172161432,0.432550428,0.767198989,2.669618414,0.337,1,0.590424048,,,,,,,,,,
32,-1.565227831,1.354812621,0.018543343,0.432550428,-0.473407725,2.300436803,0.553,1,0.582488966,,,,,,,,,,
374,-1.565227831,-0.737281045,-0.596719638,-0.474278822,-0.473407725,2.081343448,0.337,0,0.56928513,,,,,,,,,,
269,-1.565227831,1.354812621,2.171963775,-0.474278822,0.767198989,2.440127306,0.337,1,0.561585675,,,,,,,,,,
319,-1.565227831,1.354812621,0.095451215,-0.474278822,2.007805702,2.669618414,0.337,1,0.556613706,,,,,,,,,,
338,-1.565227831,1.354812621,0.864529941,-0.474278822,-0.473407725,2.058537616,0.553,1,0.553084403,,,,,,,,,,
335,-1.565227831,1.354812621,0.018543343,0.432550428,-0.473407725,2.041432739,0.337,1,0.549678059,,,,,,,,,,
333,-1.565227831,-0.737281045,0.633806323,-0.474278822,0.767198989,2.440127306,0.337,0,0.542815972,,,,,,,,,,
298,-1.565227831,1.354812621,-2.13487709,0.432550428,2.007805702,2.401641332,0.337,0,0.483399089,,,,,,,,,,
307,-1.565227831,1.354812621,0.018543343,-0.474278822,-0.473407725,1.583289667,0.337,1,0.480913117,,,,,,,,,,
394,-1.565227831,1.354812621,-0.519811766,0.432550428,-0.473407725,1.631418767,0.337,1,0.457916409,,,,,,,,,,
499,-1.565227831,1.354812621,-0.36599602,0.432550428,2.007805702,2.401641332,0.337,0,0.45496355,,,,,,,,,,
216,-1.565227831,1.354812621,0.095451215,0.432550428,-0.473407725,1.631418767,0.337,1,0.448025787,,,,,,,,,,
320,-1.565227831,1.354812621,0.787622069,0.432550428,0.767198989,2.058537616,0.337,1,0.446946749,,,,,,,,,,
308,-1.565227831,1.354812621,-0.981259001,0.432550428,-0.473407725,1.543378958,0.337,1,0.44377267,,,,,,,,,,
306,-1.565227831,-0.737281045,-2.217937592,0.432550428,2.007805702,2.401641332,0.337,1,0.441238064,,,,,,,,,,
661,-1.565227831,-0.737281045,1.556700794,1.339379678,-0.473407725,2.041432739,0.337,1,0.438017012,,,,,,,,,,
538,-1.565227831,1.354812621,0.018543343,-0.474278822,-0.473407725,1.49357358,0.553,1,0.428319463,,,,,,,,,,
506,-1.565227831,-0.737281045,-0.904351128,0.432550428,-0.473407725,1.543378958,0.337,0,0.399040083,,,,,,,,,,
521,-1.565227831,1.354812621,0.018543343,-0.474278822,-0.473407725,1.233478827,0.382322835,1,0.388816209,,,,,,,,,,
505,-1.565227831,1.354812621,-1.058166874,-0.474278822,-0.473407725,1.092615132,0.337,1,0.378051297,,,,,,,,,,
258,-1.565227831,1.354812621,0.018543343,-0.474278822,-0.473407725,1.092615132,0.337,1,0.360742708,,,,,,,,,,
292,-1.565227831,1.354812621,-0.827443256,0.432550428,-0.473407725,1.184764137,0.337,1,0.353472164,,,,,,,,,,
311,-1.565227831,1.354812621,-0.442903893,-0.474278822,-0.473407725,1.025368816,0.337,1,0.351691474,,,,,,,,,,
760,-1.565227831,1.354812621,0.24926696,-0.474278822,-0.473407725,1.092615132,0.389,1,0.349661903,,,,,,,,,,
545,-1.565227831,-0.737281045,1.556700794,0.432550428,-0.473407725,1.49357358,0.337,0,0.34727983,,,,,,,,,,
413,-1.565227831,1.354812621,0.24926696,0.432550428,-0.473407725,1.16304698,0.337,1,0.330844857,,,,,,,,,,
487,-1.565227831,1.354812621,0.403082706,0.432550428,-0.473407725,1.16304698,0.337,1,0.328372201,,,,,,,,,,
291,-1.565227831,1.354812621,-0.289088148,-0.474278822,-0.473407725,0.938671236,0.337,1,0.327985836,,,,,,,,,,
257,-1.565227831,1.354812621,0.018543343,-0.474278822,-0.473407725,0.945714421,0.337,1,0.324765462,,,,,,,,,,
62,-1.565227831,1.354812621,0.633806323,-0.474278822,-0.473407725,0.961813129,0.337,1,0.318817551,,,,,,,,,,
436,-1.565227831,1.354812621,-1.211982619,0.432550428,2.007805702,1.766748532,0.337,1,0.313072454,,,,,,,,,,
219,-1.565227831,1.354812621,0.172359088,-0.474278822,-0.473407725,0.88718958,0.337,1,0.30795957,,,,,,,,,,
485,-1.565227831,-0.737281045,-0.36599602,0.432550428,-0.473407725,1.184764137,0.337,1,0.302557938,,,,,,,,,,
582,-1.565227831,1.354812621,0.710714196,0.432550428,0.767198989,1.583289667,0.553,1,0.301169357,,,,,,,,,,
850,-1.565227831,1.354812621,0.018543343,0.432550428,-0.473407725,1.145020451,0.553,1,0.299517574,,,,,,,,,,
628,-1.565227831,1.354812621,-0.673627511,-0.474278822,-0.473407725,0.920727213,0.553,1,0.299151416,,,,,,,,,,
231,-1.565227831,1.354812621,0.403082706,0.432550428,-0.473407725,1.031741892,0.337,1,0.296214457,,,,,,,,,,
830,-1.565227831,1.354812621,2.479595266,-0.474278822,-0.473407725,0.961813129,0.337,1,0.289145685,,,,,,,,,,
764,-1.565227831,1.354812621,0.479990578,0.432550428,2.007805702,1.766748532,0.337,1,0.285873243,,,,,,,,,,
370,-1.565227831,1.354812621,-0.442903893,-0.474278822,-0.473407725,0.746492908,0.337,1,0.283392368,,,,,,,,,,
642,-1.565227831,1.354812621,-0.442903893,-0.474278822,-0.473407725,0.746492908,0.337,1,0.283392368,,,,,,,,,,
140,-1.565227831,-0.737281045,-0.442903893,-0.474278822,-0.473407725,0.945714421,0.389,0,0.281315348,,,,,,,,,,
225,-1.565227831,-0.737281045,0.633806323,0.432550428,-0.473407725,1.16304698,0.337,1,0.281166959,,,,,,,,,,
699,-1.565227831,-0.737281045,1.479792922,0.432550428,0.767198989,1.583289667,0.337,0,0.275931234,,,,,,,,,,
803,-1.565227831,-0.737281045,-1.442706237,0.432550428,2.007805702,1.766748532,0.337,1,0.273285179,,,,,,,,,,
682,-1.565227831,-0.737281045,-0.212180275,-0.474278822,-0.473407725,0.895993561,0.337,1,0.27280112,,,,,,,,,,
376,-1.565227831,1.354812621,0.018543343,0.432550428,-0.473407725,1.005496973,0.553,1,0.265347076,,,,,,,,,,
551,-1.565227831,-0.737281045,-0.981259001,-0.474278822,2.007805702,1.583289667,0.337,1,0.264374792,,,,,,,,,,
454,-1.565227831,-0.737281045,1.479792922,0.432550428,-0.473407725,1.145020451,0.337,1,0.263152501,,,,,,,,,,
790,-1.565227831,-0.737281045,1.249069304,-0.474278822,-0.473407725,0.945714421,0.337,0,0.261487958,,,,,,,,,,
592,-1.565227831,1.354812621,1.71051654,0.432550428,-0.473407725,0.926933265,0.337,1,0.249528352,,,,,,,,,,
766,-1.565227831,1.354812621,1.633608667,0.432550428,-0.473407725,0.920727213,0.337,1,0.249244764,,,,,,,,,,
35,-1.565227831,-0.737281045,-0.135272403,0.432550428,-0.473407725,1.005496973,0.389,0,0.247573064,,,,,,,,,,
53,-1.565227831,1.354812621,1.479792922,0.432550428,-0.473407725,0.895993561,0.337,1,0.245659936,,,,,,,,,,
2,-1.565227831,1.354812621,0.633806323,0.432550428,-0.473407725,0.786403618,0.337,1,0.232420023,,,,,,,,,,
246,-1.565227831,-0.737281045,1.095253559,1.339379678,-0.473407725,1.16304698,0.337,0,0.23031076,,,,,,,,,,
152,-1.565227831,1.354812621,-0.596719638,0.432550428,-0.473407725,0.692159768,0.337,1,0.229120138,,,,,,,,,,
742,-1.565227831,-0.737281045,0.479990578,0.432550428,-0.473407725,0.938671236,0.337,0,0.228688067,,,,,,,,,,
660,-1.565227831,-0.737281045,2.171963775,-0.474278822,2.007805702,1.631418767,0.337,0,0.225472583,,,,,,,,,,
367,-1.565227831,1.354812621,2.32577952,0.432550428,-0.473407725,0.866227049,0.337,1,0.224770256,,,,,,,,,,
73,-0.369157507,-0.737281045,-0.673627511,-0.474278822,-0.473407725,0.831011126,0.337,0,0.222844193,,,,,,,,,,
880,-1.565227831,1.354812621,2.01814803,-0.474278822,0.767198989,1.025368816,0.337,1,0.217571822,,,,,,,,,,
497,-1.565227831,1.354812621,1.864332285,0.432550428,-0.473407725,0.926933265,0.553,1,0.216434282,,,,,,,,,,
391,-1.565227831,-0.737281045,0.479990578,0.432550428,2.007805702,1.766748532,0.553,1,0.21175557,,,,,,,,,,
63,-1.565227831,-0.737281045,1.172161432,0.432550428,-0.473407725,1.031741892,0.553,0,0.209733506,,,,,,,,,,
276,-1.565227831,1.354812621,2.556503138,0.432550428,-0.473407725,0.920727213,0.553,1,0.203787417,,,,,,,,,,
646,-1.565227831,-0.737281045,1.402885049,0.432550428,-0.473407725,0.895993561,0.337,1,0.203400004,,,,,,,,,,
821,-1.565227831,1.354812621,1.71051654,0.432550428,0.767198989,1.233478827,0.553,1,0.199425416,,,,,,,,,,
386,-0.369157507,-0.737281045,-0.904351128,-0.474278822,-0.473407725,0.831011126,0.553,0,0.195931762,,,,,,,,,,
836,-1.565227831,1.354812621,0.710714196,0.432550428,0.767198989,1.025368816,0.337,1,0.195151161,,,,,,,,,,
711,-1.565227831,1.354812621,-0.442903893,-0.474278822,-0.473407725,0.348134402,0.337,1,0.185830948,,,,,,,,,,
310,-1.565227831,1.354812621,0.018543343,-0.474278822,-0.473407725,0.497550536,0.553,1,0.184384862,,,,,,,,,,
782,-1.565227831,1.354812621,-0.981259001,0.432550428,-0.473407725,0.498975272,0.389,1,0.180617413,,,,,,,,,,
337,-1.565227831,-0.737281045,-0.05836453,0.432550428,-0.473407725,0.692159768,0.337,0,0.176969585,,,,,,,,,,
559,-1.565227831,1.354812621,0.710714196,0.432550428,0.767198989,0.954769944,0.389,1,0.170489069,,,,,,,,,,
103,-1.565227831,-0.737281045,-0.673627511,-0.474278822,0.767198989,0.907228447,0.553,0,0.15779203,,,,,,,,,,
514,-1.565227831,1.354812621,1.864332285,0.432550428,-0.473407725,0.547271396,0.337,1,0.154073242,,,,,,,,,,
586,-1.565227831,1.354812621,-0.904351128,-0.474278822,2.007805702,0.954769944,0.337,1,0.152704843,,,,,,,,,,
810,-1.565227831,1.354812621,0.24926696,0.432550428,-0.473407725,0.42049407,0.337,1,0.148987269,,,,,,,,,,
125,-1.565227831,-0.737281045,1.864332285,-0.474278822,0.767198989,0.907228447,0.337,0,0.147614627,,,,,,,,,,
476,-1.565227831,-0.737281045,0.018543343,-0.474278822,-0.473407725,0.398358346,0.337,0,0.147216997,,,,,,,,,,
458,-1.565227831,1.354812621,0.018543343,0.432550428,-0.473407725,0.395591381,0.337,1,0.14659737,,,,,,,,,,
4,-1.565227831,1.354812621,0.403082706,0.432550428,-0.473407725,0.42049407,0.337,1,0.146514614,,,,,,,,,,
384,-1.565227831,1.354812621,0.403082706,0.432550428,-0.473407725,0.398358346,0.337,1,0.141093385,,,,,,,,,,
868,-1.565227831,-0.737281045,0.095451215,-0.474278822,-0.473407725,0.36808875,0.337,0,0.138567385,,,,,,,,,,
446,-1.565227831,-0.737281045,-1.981061345,-0.474278822,2.007805702,0.999208415,0.337,1,0.137400537,,,,,,,,,,
186,-1.565227831,-0.737281045,0.018543343,-0.474278822,-0.473407725,0.358111576,0.337,0,0.137360218,,,,,,,,,,
121,-0.369157507,-0.737281045,-0.673627511,1.339379678,-0.473407725,0.831011126,0.337,0,0.135967728,,,,,,,,,,
330,-1.565227831,1.354812621,-1.058166874,-0.474278822,0.767198989,0.51868009,0.389,1,0.135560689,,,,,,,,,,
656,-0.369157507,-0.737281045,-0.442903893,1.339379678,-0.473407725,0.831011126,0.337,0,0.132258744,,,,,,,,,,
93,-1.565227831,-0.737281045,1.249069304,0.432550428,-0.473407725,0.582990404,0.337,0,0.129215498,,,,,,,,,,
691,-1.565227831,-0.737281045,0.095451215,0.432550428,-0.473407725,0.498975272,0.337,1,0.127184387,,,,,,,,,,
371,-1.565227831,-0.737281045,-0.36599602,0.432550428,-0.473407725,0.467617001,0.337,1,0.126922443,,,,,,,,,,
111,-1.565227831,-0.737281045,1.325977177,-0.474278822,-0.473407725,0.398358346,0.337,0,0.126199425,,,,,,,,,,
578,-1.565227831,1.354812621,0.710714196,0.432550428,-0.473407725,0.476839548,0.553,1,0.124747381,,,,,,,,,,
749,-1.565227831,-0.737281045,-0.827443256,0.432550428,-0.473407725,0.42049407,0.337,0,0.122799599,,,,,,,,,,
357,-1.565227831,1.354812621,-0.596719638,-0.474278822,0.767198989,0.458728501,0.337,1,0.120831885,,,,,,,,,,
263,-1.565227831,-0.737281045,1.71051654,0.432550428,0.767198989,0.954769944,0.337,0,0.118292371,,,,,,,,,,
98,-1.565227831,-0.737281045,-0.519811766,-0.474278822,0.767198989,0.626925791,0.337,1,0.117292259,,,,,,,,,,
7,-1.565227831,-0.737281045,1.864332285,-0.474278822,-0.473407725,0.395591381,0.337,0,0.116867477,,,,,,,,,,
670,-1.565227831,1.354812621,0.018543343,0.432550428,-0.473407725,0.398358346,0.553,1,0.11665361,,,,,,,,,,
524,-1.565227831,1.354812621,1.095253559,-0.474278822,0.767198989,0.51868009,0.337,1,0.108315333,,,,,,,,,,
588,-1.565227831,-0.737281045,2.32577952,0.432550428,0.767198989,0.945714421,0.337,1,0.106183973,,,,,,,,,,
725,-1.565227831,-0.737281045,-0.212180275,0.432550428,-0.473407725,0.42049407,0.389,1,0.105537155,,,,,,,,,,
167,-1.565227831,1.354812621,0.018543343,-0.474278822,0.767198989,0.458728501,0.389,1,0.103569441,,,,,,,,,,
672,-1.565227831,-0.737281045,0.095451215,0.432550428,-0.473407725,0.398358346,0.337,0,0.102542437,,,,,,,,,,
603,-1.565227831,-0.737281045,0.018543343,-0.474278822,-0.473407725,0.205173849,0.337,0,0.099904454,,,,,,,,,,
84,-1.565227831,-0.737281045,-0.135272403,-0.474278822,-0.473407725,0.299753759,0.553,0,0.094919128,,,,,,,,,,
666,-0.369157507,-0.737281045,0.172359088,1.339379678,-0.473407725,0.831011126,0.553,0,0.091746708,,,,,,,,,,
622,-1.565227831,-0.737281045,0.941437814,0.432550428,-0.473407725,0.409510726,0.337,1,0.091674145,,,,,,,,,,
510,0.826912817,-0.737281045,-0.289088148,-0.474278822,-0.473407725,0.488829061,0.337,1,0.091399088,,,,,,,,,,
36,-1.565227831,-0.737281045,0.941437814,0.432550428,-0.473407725,0.398358346,0.337,0,0.088942832,,,,,,,,,,
170,0.826912817,-0.737281045,-0.135272403,-0.474278822,-0.473407725,0.488829061,0.337,0,0.088926433,,,,,,,,,,
644,0.826912817,-0.737281045,0.018543343,-0.474278822,-0.473407725,0.488829061,0.337,1,0.086453777,,,,,,,,,,
693,0.826912817,-0.737281045,0.018543343,-0.474278822,-0.473407725,0.488829061,0.337,1,0.086453777,,,,,,,,,,
767,-1.565227831,-0.737281045,0.018543343,-0.474278822,-0.473407725,0.148828371,0.337,0,0.086104963,,,,,,,,,,
494,-1.565227831,-0.737281045,3.171766119,-0.474278822,-0.473407725,0.348134402,0.337,0,0.084227283,,,,,,,,,,
713,-1.565227831,-0.737281045,1.402885049,0.432550428,-0.473407725,0.398358346,0.337,1,0.081524865,,,,,,,,,,
584,-1.565227831,-0.737281045,0.479990578,-0.474278822,-0.473407725,0.159393148,0.337,0,0.081274401,,,,,,,,,,
843,-1.565227831,1.354812621,0.018543343,-0.474278822,-0.473407725,-0.024232741,0.389,1,0.079845247,,,,,,,,,,
75,0.826912817,-0.737281045,0.172359088,-0.474278822,-0.473407725,0.488829061,0.389,1,0.0766093,,,,,,,,,,
600,-1.565227831,-0.737281045,1.479792922,0.432550428,-0.473407725,0.497550536,0.553,1,0.073960143,,,,,,,,,,
572,-1.565227831,1.354812621,1.787424412,1.339379678,-0.473407725,0.387878087,0.337,1,0.072834547,,,,,,,,,,
138,-1.565227831,-0.737281045,0.556898451,0.432550428,-0.473407725,0.42049407,0.553,0,0.069924285,,,,,,,,,,
24,-1.565227831,-0.737281045,-0.135272403,-0.474278822,-0.473407725,0.066322492,0.337,1,0.06837122,,,,,,,,,,
435,-1.565227831,-0.737281045,1.556700794,0.432550428,-0.473407725,0.476839548,0.553,0,0.067651516,,,,,,,,,,
56,-1.565227831,-0.737281045,0.018543343,-0.474278822,-0.473407725,0.066322492,0.337,1,0.065898564,,,,,,,,,,
156,-1.565227831,-0.737281045,1.633608667,-0.474278822,0.767198989,0.5870996,0.389,0,0.065549483,,,,,,,,,,
888,-1.565227831,1.354812621,-0.827443256,-0.474278822,-0.473407725,-0.044356126,0.553,1,0.06526687,,,,,,,,,,
557,-1.565227831,1.354812621,1.402885049,0.432550428,-0.473407725,0.148828371,0.337,1,0.063909089,,,,,,,,,,
352,-1.565227831,-0.737281045,0.018543343,-0.474278822,-0.473407725,0.0562608,0.337,0,0.063434369,,,,,,,,,,
463,-1.565227831,-0.737281045,1.325977177,-0.474278822,-0.473407725,0.126692647,0.337,0,0.059666161,,,,,,,,,,
55,-1.565227831,-0.737281045,2.710318883,-0.474278822,0.767198989,0.599173631,0.337,0,0.05856975,,,,,,,,,,
541,-1.565227831,1.354812621,0.479990578,-0.474278822,2.007805702,0.780702663,0.553,1,0.057198957,,,,,,,,,,
827,0.826912817,-0.737281045,0.018543343,-0.474278822,-0.473407725,0.488829061,0.553,0,0.055832363,,,,,,,,,,
597,-0.369157507,1.354812621,0.018543343,-0.474278822,-0.473407725,0.016014029,0.337,1,0.055613711,,,,,,,,,,
195,-1.565227831,1.354812621,1.095253559,-0.474278822,-0.473407725,-0.090221345,0.337,1,0.053747304,,,,,,,,,,
839,0.826912817,-0.737281045,0.172359088,-0.474278822,-0.473407725,0.488829061,0.553,1,0.053359708,,,,,,,,,,
854,-1.565227831,1.354812621,-1.058166874,-0.474278822,0.767198989,0.144803694,0.337,1,0.051366969,,,,,,,,,,
178,-1.565227831,1.354812621,1.556700794,-0.474278822,-0.473407725,-0.070264984,0.337,0,0.051216821,,,,,,,,,,
340,-1.565227831,-0.737281045,1.172161432,-0.474278822,-0.473407725,0.066322492,0.337,0,0.047353647,,,,,,,,,,
608,-1.565227831,-0.737281045,-0.212180275,-0.474278822,-0.473407725,-0.034294433,0.337,1,0.044965598,,,,,,,,,,
271,-1.565227831,-0.737281045,0.018543343,-0.474278822,-0.473407725,-0.024232741,0.337,0,0.04372081,,,,,,,,,,
794,-1.565227831,-0.737281045,0.018543343,-0.474278822,-0.473407725,-0.030354274,0.337,0,0.042221593,,,,,,,,,,
299,-1.565227831,-0.737281045,0.018543343,-0.474278822,-0.473407725,-0.034294433,0.337,1,0.041256615,,,,,,,,,,
783,-1.565227831,-0.737281045,-0.05836453,-0.474278822,-0.473407725,-0.044356126,0.337,0,0.040028747,,,,,,,,,,
863,-1.565227831,1.354812621,1.402885049,-0.474278822,-0.473407725,-0.126274402,0.337,1,0.039972289,,,,,,,,,,
741,-1.565227831,-0.737281045,0.018543343,-0.474278822,-0.473407725,-0.044356126,0.337,1,0.03879242,,,,,,,,,,
633,-1.565227831,-0.737281045,0.172359088,-0.474278822,-0.473407725,-0.034294433,0.337,1,0.038783959,,,,,,,,,,
797,-1.565227831,1.354812621,1.479792922,-0.474278822,-0.473407725,-0.126274402,0.337,1,0.038735961,,,,,,,,,,
516,-1.565227831,-0.737281045,1.325977177,-0.474278822,-0.473407725,0.036555981,0.337,0,0.037590918,,,,,,,,,,
840,-1.565227831,-0.737281045,0.018543343,-0.474278822,-0.473407725,-0.050393141,0.337,1,0.037313903,,,,,,,,,,
648,-1.565227831,-0.737281045,2.01814803,-0.474278822,-0.473407725,0.066322492,0.337,1,0.033754042,,,,,,,,,,
210,-1.565227831,-0.737281045,0.787622069,-0.474278822,-0.473407725,-0.024232741,0.337,1,0.031357532,,,,,,,,,,
453,-1.565227831,-0.737281045,0.018543343,-0.474278822,-0.473407725,-0.089633742,0.337,0,0.027703542,,,,,,,,,,
65,-1.565227831,-0.737281045,0.018543343,-0.474278822,-0.473407725,-0.090221345,0.337,0,0.027559633,,,,,,,,,,
296,-1.565227831,-0.737281045,0.018543343,-0.474278822,-0.473407725,-0.090221345,0.337,0,0.027559633,,,,,,,,,,
872,-1.565227831,1.354812621,1.325977177,0.432550428,0.767198989,0.409510726,0.389,1,0.02705978,,,,,,,,,,
431,-1.565227831,-0.737281045,-0.135272403,-0.474278822,-0.473407725,-0.113781804,0.337,1,0.02426213,,,,,,,,,,
746,-1.565227831,-0.737281045,3.094858246,0.432550428,0.767198989,0.780702663,0.553,0,0.022786484,,,,,,,,,,
508,-1.565227831,-0.737281045,0.018543343,-0.474278822,-0.473407725,-0.113781804,0.337,1,0.021789475,,,,,,,,,,
712,-1.565227831,-0.737281045,0.018543343,-0.474278822,-0.473407725,-0.113781804,0.337,0,0.021789475,,,,,,,,,,
169,-1.565227831,-0.737281045,0.018543343,-0.474278822,-0.473407725,-0.12635892,0.337,0,0.018709231,,,,,,,,,,
171,-1.565227831,-0.737281045,2.402687393,-0.474278822,-0.473407725,0.026075722,0.337,0,0.017715623,,,,,,,,,,
10,-0.369157507,1.354812621,-1.211982619,0.432550428,-0.473407725,-0.04293139,0.337,1,0.017520483,,,,,,,,,,
605,-1.565227831,-0.737281045,0.403082706,-0.474278822,-0.473407725,-0.113781804,0.337,1,0.015607836,,,,,,,,,,
31,-1.565227831,-0.737281045,0.787622069,-0.474278822,-0.473407725,-0.090221345,0.337,0,0.015196356,,,,,,,,,,
450,-1.565227831,-0.737281045,1.71051654,-0.474278822,-0.473407725,-0.034294433,0.337,1,0.014057404,,,,,,,,,,
890,-1.565227831,-0.737281045,-0.289088148,-0.474278822,-0.473407725,-0.044356126,0.553,1,0.013116317,,,,,,,,,,
513,-1.565227831,-0.737281045,0.479990578,-0.474278822,-0.473407725,-0.119064193,0.337,1,0.013077806,,,,,,,,,,
285,-1.565227831,-0.737281045,0.018543343,-0.474278822,-0.473407725,-0.124849666,0.389,0,0.011707038,,,,,,,,,,
97,-1.565227831,-0.737281045,3.171766119,-0.474278822,-0.473407725,0.049302133,0.337,0,0.011040693,,,,,,,,,,
493,-1.565227831,-0.737281045,1.941240157,-0.474278822,-0.473407725,-0.034294433,0.337,0,0.01034842,,,,,,,,,,
708,-1.565227831,-0.737281045,0.941437814,-0.474278822,-0.473407725,-0.119064193,0.337,1,0.005659839,,,,,,,,,,
332,-1.565227831,-0.737281045,1.210615368,-0.474278822,-0.473407725,-0.074541203,0.389,0,0.004864933,,,,,,,,,,
428,-0.369157507,1.354812621,-0.827443256,-0.474278822,-0.473407725,-0.124849666,0.553,1,0.004093173,,,,,,,,,,
537,-1.565227831,-0.737281045,1.172161432,-0.474278822,-0.473407725,-0.113781804,0.337,0,0.003244558,,,,,,,,,,
12,-1.565227831,1.354812621,2.171963775,-0.474278822,-0.473407725,-0.113781804,0.553,1,4.71419E-05,,,,,,,,,,
461,-1.565227831,-0.737281045,1.402885049,-0.474278822,-0.473407725,-0.113781804,0.337,1,-0.000464425,,,,,,,,,,
540,-1.565227831,1.354812621,-0.596719638,-0.474278822,2.007805702,0.348049883,0.337,1,-0.000831423,,,,,,,,,,
663,-1.565227831,-0.737281045,1.325977177,-0.474278822,-0.473407725,-0.133150562,0.337,0,-0.003971673,,,,,,,,,,
858,-1.565227831,-0.737281045,1.633608667,-0.474278822,-0.473407725,-0.113781804,0.337,1,-0.004173409,,,,,,,,,,
488,-1.565227831,-0.737281045,2.171963775,-0.474278822,-0.473407725,-0.050393141,0.389,0,-0.004675097,,,,,,,,,,
547,-0.369157507,1.354812621,-0.827443256,0.432550428,-0.473407725,-0.124849666,0.337,1,-0.008723646,,,,,,,,,,
721,-0.369157507,1.354812621,-1.8272456,-0.474278822,0.767198989,0.016014029,0.337,1,-0.009271586,,,,,,,,,,
212,-0.369157507,1.354812621,0.403082706,-0.474278822,-0.473407725,-0.225466592,0.337,1,-0.009708607,,,,,,,,,,
468,-1.565227831,-0.737281045,2.01814803,-0.474278822,-0.473407725,-0.113781804,0.337,0,-0.010355048,,,,,,,,,,
616,-0.369157507,1.354812621,-0.442903893,0.432550428,2.007805702,0.659962352,0.337,1,-0.011812406,,,,,,,,,,
792,-0.369157507,-0.737281045,-1.058166874,-0.474278822,-0.473407725,-0.124849666,0.389,0,-0.012444511,,,,,,,,,,
448,-1.565227831,-0.737281045,0.326174833,-0.474278822,-0.473407725,-0.113781804,0.553,1,-0.01377725,,,,,,,,,,
317,-0.369157507,1.354812621,-0.442903893,0.432550428,-0.473407725,-0.124849666,0.337,1,-0.014905284,,,,,,,,,,
702,-1.565227831,-0.737281045,0.403082706,-0.474278822,-0.473407725,-0.119064193,0.553,1,-0.016307281,,,,,,,,,,
573,-1.565227831,-0.737281045,0.479990578,-0.474278822,-0.473407725,-0.117051854,0.553,1,-0.017050769,,,,,,,,,,
253,-1.565227831,-0.737281045,2.479595266,-0.474278822,-0.473407725,-0.113781804,0.337,0,-0.017773014,,,,,,,,,,
556,-1.565227831,-0.737281045,2.479595266,-0.474278822,-0.473407725,-0.113781804,0.337,0,-0.017773014,,,,,,,,,,
552,-0.369157507,-0.737281045,-0.212180275,-0.474278822,-0.473407725,-0.124849666,0.337,0,-0.018672294,,,,,,,,,,
626,-1.565227831,-0.737281045,2.402687393,-0.474278822,-0.473407725,0.002346226,0.553,0,-0.018717348,,,,,,,,,,
427,-0.369157507,1.354812621,-0.135272403,0.432550428,-0.473407725,-0.124849666,0.337,1,-0.019850596,,,,,,,,,,
175,-1.565227831,-0.737281045,2.01814803,-0.474278822,-0.473407725,-0.030354274,0.553,0,-0.020544343,,,,,,,,,,
54,-0.369157507,1.354812621,-0.05836453,0.432550428,-0.473407725,-0.124849666,0.337,1,-0.021086923,,,,,,,,,,
134,-0.369157507,1.354812621,-0.05836453,0.432550428,-0.473407725,-0.124849666,0.337,1,-0.021086923,,,,,,,,,,
457,-1.565227831,-0.737281045,2.710318883,-0.474278822,-0.473407725,-0.113781804,0.337,0,-0.021481998,,,,,,,,,,
695,-1.565227831,-0.737281045,2.32577952,-0.474278822,-0.473407725,-0.113781804,0.389,0,-0.022672181,,,,,,,,,,
631,-1.565227831,-0.737281045,3.863936972,-0.474278822,-0.473407725,-0.044356126,0.337,1,-0.023023969,,,,,,,,,,
249,-1.565227831,-0.737281045,0.556898451,0.432550428,0.767198989,0.409510726,0.553,1,-0.027322793,,,,,,,,,,
188,-1.565227831,-0.737281045,1.172161432,-0.474278822,-0.473407725,-0.113781804,0.553,1,-0.027376856,,,,,,,,,,
21,-0.369157507,-0.737281045,0.403082706,-0.474278822,-0.473407725,-0.124849666,0.337,0,-0.028562916,,,,,,,,,,
875,-0.369157507,1.354812621,-0.135272403,0.432550428,-0.473407725,-0.165096436,0.337,1,-0.029707375,,,,,,,,,,
546,-1.565227831,-0.737281045,2.633411011,-0.474278822,-0.473407725,-0.124849666,0.389,0,-0.030328106,,,,,,,,,,
474,-0.369157507,1.354812621,-0.519811766,-0.474278822,-0.473407725,-0.370521988,0.337,1,-0.030397986,,,,,,,,,,
390,-0.369157507,1.354812621,-0.981259001,-0.474278822,-0.473407725,-0.406577057,0.337,1,-0.031810216,,,,,,,,,,
346,-0.369157507,1.354812621,-0.442903893,-0.474278822,-0.473407725,-0.386453672,0.337,1,-0.035536121,,,,,,,,,,
433,-0.369157507,1.354812621,0.941437814,0.432550428,-0.473407725,-0.124849666,0.337,1,-0.037159184,,,,,,,,,,
85,-0.369157507,1.354812621,-0.981259001,-0.474278822,-0.473407725,-0.436762135,0.337,1,-0.039202801,,,,,,,,,,
855,-0.369157507,1.354812621,1.095253559,0.432550428,-0.473407725,-0.124849666,0.337,0,-0.03963184,,,,,,,,,,
444,-0.369157507,1.354812621,-0.135272403,-0.474278822,-0.473407725,-0.386453672,0.337,1,-0.040481432,,,,,,,,,,
636,-0.369157507,1.354812621,-0.135272403,-0.474278822,-0.473407725,-0.386453672,0.337,1,-0.040481432,,,,,,,,,,
706,-0.369157507,-0.737281045,0.710714196,-0.474278822,-0.473407725,-0.124849666,0.389,0,-0.040880049,,,,,,,,,,
755,-0.369157507,1.354812621,1.402885049,0.432550428,2.007805702,0.659962352,0.337,1,-0.041484272,,,,,,,,,,
400,-0.369157507,1.354812621,-0.135272403,-0.474278822,-0.473407725,-0.393496857,0.337,1,-0.042206368,,,,,,,,,,
748,-0.369157507,1.354812621,0.018543343,-0.474278822,-0.473407725,-0.386453672,0.337,1,-0.042954087,,,,,,,,,,
57,-0.369157507,1.354812621,-0.673627511,-0.474278822,-0.473407725,-0.436762135,0.337,1,-0.044148112,,,,,,,,,,
191,-0.369157507,1.354812621,0.172359088,-0.474278822,-0.473407725,-0.386453672,0.337,1,-0.045426743,,,,,,,,,,
124,-0.369157507,1.354812621,0.210813024,-0.474278822,-0.473407725,-0.386453672,0.337,1,-0.046044907,,,,,,,,,,
304,-0.369157507,1.354812621,0.018543343,-0.474278822,-0.473407725,-0.399533873,0.337,1,-0.046157541,,,,,,,,,,
323,-0.369157507,1.354812621,0.018543343,-0.474278822,-0.473407725,-0.399533873,0.337,1,-0.046157541,,,,,,,,,,
577,-0.369157507,1.354812621,0.326174833,-0.474278822,-0.473407725,-0.386453672,0.337,1,-0.047899398,,,,,,,,,,
123,-0.369157507,-0.737281045,0.210813024,0.432550428,-0.473407725,-0.04293139,0.337,0,-0.04884784,,,,,,,,,,
398,-0.369157507,-0.737281045,1.249069304,-0.474278822,-0.473407725,-0.124849666,0.389,0,-0.049534344,,,,,,,,,,
388,-0.369157507,1.354812621,0.479990578,-0.474278822,-0.473407725,-0.386453672,0.337,1,-0.050372054,,,,,,,,,,
718,-0.369157507,1.354812621,-0.212180275,-0.474278822,-0.473407725,-0.436762135,0.337,1,-0.051566079,,,,,,,,,,
583,-0.369157507,-0.737281045,1.864332285,-0.474278822,-0.473407725,-0.124849666,0.337,0,-0.052053144,,,,,,,,,,
67,-0.369157507,1.354812621,-0.05836453,-0.474278822,-0.473407725,-0.436762135,0.337,1,-0.054038734,,,,,,,,,,
347,-0.369157507,1.354812621,0.787622069,-0.474278822,-0.473407725,-0.386453672,0.337,1,-0.055317365,,,,,,,,,,
778,0.826912817,1.354812621,-1.904153472,-0.474278822,-0.473407725,-0.397018449,0.337,1,-0.056093435,,,,,,,,,,
362,-0.369157507,-0.737281045,-0.05836453,0.432550428,-0.473407725,-0.090221345,0.337,0,-0.056102409,,,,,,,,,,
866,-0.369157507,1.354812621,0.941437814,-0.474278822,-0.473407725,-0.386453672,0.337,1,-0.057790021,,,,,,,,,,
707,-0.369157507,1.354812621,1.172161432,-0.474278822,-0.473407725,-0.37639198,0.337,1,-0.059034809,,,,,,,,,,
16,-0.369157507,1.354812621,1.941240157,-0.474278822,-0.473407725,-0.326083517,0.337,1,-0.059077112,,,,,,,,,,
729,-0.369157507,-0.737281045,-0.36599602,0.432550428,-0.473407725,-0.124849666,0.337,0,-0.059637871,,,,,,,,,,
358,-0.369157507,1.354812621,0.633806323,-0.474278822,-0.473407725,-0.386453672,0.389,0,-0.060216531,,,,,,,,,,
519,-0.369157507,1.354812621,0.479990578,0.432550428,-0.473407725,-0.124849666,0.553,1,-0.060362632,,,,,,,,,,
115,0.826912817,1.354812621,-0.981259001,-0.474278822,-0.473407725,-0.35710774,0.337,0,-0.061154893,,,,,,,,,,
619,-0.369157507,1.354812621,-1.981061345,1.339379678,0.767198989,0.13675434,0.337,1,-0.064105056,,,,,,,,,,
671,-0.369157507,1.354812621,0.787622069,0.432550428,0.767198989,0.13675434,0.337,1,-0.065174624,,,,,,,,,,
274,-1.565227831,-0.737281045,0.556898451,-0.474278822,0.767198989,-0.050393141,0.337,0,-0.065897555,,,,,,,,,,
200,-0.369157507,1.354812621,-0.442903893,-0.474278822,-0.473407725,-0.386453672,0.553,0,-0.066157534,,,,,,,,,,
881,-0.369157507,1.354812621,-0.36599602,-0.474278822,0.767198989,-0.124849666,0.337,1,-0.067260543,,,,,,,,,,
136,-0.369157507,-0.737281045,-0.519811766,-0.474278822,-0.473407725,-0.345285251,0.337,0,-0.067713552,,,,,,,,,,
544,-0.369157507,-0.737281045,0.172359088,0.432550428,-0.473407725,-0.124849666,0.337,1,-0.068292166,,,,,,,,,,
100,-0.369157507,-0.737281045,0.326174833,0.432550428,-0.473407725,-0.124849666,0.337,0,-0.070764821,,,,,,,,,,
162,-0.369157507,1.354812621,0.787622069,-0.474278822,-0.473407725,-0.331114363,0.553,1,-0.072385707,,,,,,,,,,
110,0.826912817,1.354812621,0.018543343,0.432550428,-0.473407725,-0.162077929,0.337,1,-0.07290091,,,,,,,,,,
652,-0.369157507,1.354812621,-0.904351128,-0.474278822,0.767198989,-0.185219821,0.337,1,-0.073391418,,,,,,,,,,
42,-0.369157507,1.354812621,-0.212180275,0.432550428,-0.473407725,-0.225466592,0.553,0,-0.073877631,,,,,,,,,,
595,-0.369157507,-0.737281045,0.556898451,0.432550428,-0.473407725,-0.124849666,0.337,0,-0.074473805,,,,,,,,,,
309,-0.369157507,-0.737281045,0.018543343,0.432550428,-0.473407725,-0.165096436,0.337,0,-0.07567629,,,,,,,,,,
218,-0.369157507,-0.737281045,0.941437814,0.432550428,-0.473407725,-0.104726281,0.337,0,-0.075727054,,,,,,,,,,
732,0.826912817,-0.737281045,-1.442706237,-0.474278822,-0.473407725,-0.269989581,0.337,0,-0.0758972,,,,,,,,,,
659,-0.369157507,-0.737281045,-0.519811766,-0.474278822,-0.473407725,-0.386453672,0.337,0,-0.077796052,,,,,,,,,,
734,-0.369157507,-0.737281045,-0.519811766,-0.474278822,-0.473407725,-0.386453672,0.337,0,-0.077796052,,,,,,,,,,
735,-0.369157507,-0.737281045,-0.519811766,-0.474278822,-0.473407725,-0.386453672,0.337,0,-0.077796052,,,,,,,,,,
509,0.826912817,-0.737281045,-0.135272403,-0.474278822,-0.473407725,-0.194778429,0.337,0,-0.078494915,,,,,,,,,,
145,-0.369157507,-0.737281045,-0.904351128,-0.474278822,-0.473407725,-0.41663875,0.337,0,-0.079006998,,,,,,,,,,
758,-0.369157507,-0.737281045,-0.904351128,-0.474278822,-0.473407725,-0.41663875,0.337,0,-0.079006998,,,,,,,,,,
865,-0.369157507,-0.737281045,-0.442903893,-0.474278822,-0.473407725,-0.386453672,0.337,0,-0.079032379,,,,,,,,,,
849,-0.369157507,-0.737281045,-0.135272403,-0.474278822,0.767198989,0.016014029,0.337,0,-0.079967056,,,,,,,,,,
459,-0.369157507,1.354812621,1.556700794,-0.474278822,-0.473407725,-0.436762135,0.337,1,-0.080001618,,,,,,,,,,
527,-0.369157507,1.354812621,1.556700794,-0.474278822,-0.473407725,-0.436762135,0.337,1,-0.080001618,,,,,,,,,,
192,-0.369157507,-0.737281045,-0.827443256,-0.474278822,-0.473407725,-0.386453672,0.389,0,-0.080222562,,,,,,,,,,
135,-0.369157507,-0.737281045,-0.36599602,-0.474278822,-0.473407725,-0.386453672,0.337,0,-0.080268707,,,,,,,,,,
344,-0.369157507,-0.737281045,-0.36599602,-0.474278822,-0.473407725,-0.386453672,0.337,0,-0.080268707,,,,,,,,,,
667,-0.369157507,-0.737281045,-0.36599602,-0.474278822,-0.473407725,-0.386453672,0.337,0,-0.080268707,,,,,,,,,,
328,-0.369157507,1.354812621,0.479990578,-0.474278822,-0.473407725,-0.386453672,0.553,1,-0.080993468,,,,,,,,,,
563,-0.369157507,-0.737281045,-0.135272403,-0.474278822,-0.473407725,-0.37639198,0.337,0,-0.081513496,,,,,,,,,,
531,-0.369157507,1.354812621,-2.13487709,0.432550428,0.767198989,-0.124849666,0.337,1,-0.082263237,,,,,,,,,,
222,-0.369157507,-0.737281045,-0.212180275,-0.474278822,-0.473407725,-0.386453672,0.337,0,-0.082741363,,,,,,,,,,
887,-0.369157507,-0.737281045,-0.212180275,-0.474278822,-0.473407725,-0.386453672,0.337,0,-0.082741363,,,,,,,,,,
237,-0.369157507,-0.737281045,1.095253559,0.432550428,-0.473407725,-0.124849666,0.337,0,-0.083128099,,,,,,,,,,
343,-0.369157507,-0.737281045,-0.135272403,-0.474278822,-0.473407725,-0.386453672,0.337,0,-0.083977691,,,,,,,,,,
812,0.826912817,-0.737281045,0.710714196,-0.474278822,-0.473407725,-0.162077929,0.337,0,-0.084085887,,,,,,,,,,
447,-0.369157507,1.354812621,-1.288890491,-0.474278822,0.767198989,-0.255651669,0.337,1,-0.084459144,,,,,,,,,,
678,0.826912817,1.354812621,-0.904351128,-0.474278822,-0.473407725,-0.450009359,0.337,1,-0.085143625,,,,,,,,,,
227,-0.369157507,-0.737281045,-0.827443256,-0.474278822,-0.473407725,-0.436762135,0.337,1,-0.085171715,,,,,,,,,,
18,-0.369157507,-0.737281045,0.018543343,-0.474278822,-0.473407725,-0.386453672,0.337,1,-0.086450346,,,,,,,,,,
179,-0.369157507,-0.737281045,0.018543343,-0.474278822,-0.473407725,-0.386453672,0.337,0,-0.086450346,,,,,,,,,,
419,-0.369157507,-0.737281045,0.018543343,-0.474278822,-0.473407725,-0.386453672,0.337,0,-0.086450346,,,,,,,,,,
883,0.826912817,1.354812621,-0.596719638,-0.474278822,-0.473407725,-0.436426074,0.337,0,-0.086762273,,,,,,,,,,
550,-0.369157507,-0.737281045,-1.673429854,0.432550428,0.767198989,0.091476724,0.389,1,-0.087569093,,,,,,,,,,
674,-0.369157507,-0.737281045,0.095451215,-0.474278822,-0.473407725,-0.386453672,0.337,1,-0.087686674,,,,,,,,,,
873,-1.565227831,-0.737281045,0.24926696,-0.474278822,-0.473407725,-0.547440753,0.337,0,-0.088126311,,,,,,,,,,
773,-0.369157507,1.354812621,2.095055903,-0.474278822,-0.473407725,-0.436762135,0.337,0,-0.088655912,,,,,,,,,,
118,-0.369157507,-0.737281045,-0.05836453,0.432550428,-0.473407725,-0.225466592,0.337,0,-0.089225132,,,,,,,,,,
50,0.826912817,1.354812621,-0.904351128,0.432550428,-0.473407725,-0.289861424,0.337,0,-0.089360253,,,,,,,,,,
548,-0.369157507,-0.737281045,0.018543343,-0.474278822,-0.473407725,-0.369097253,0.389,1,-0.089571432,,,,,,,,,,
417,-0.369157507,1.354812621,0.326174833,0.432550428,0.767198989,0.005952337,0.337,1,-0.089791191,,,,,,,,,,
475,0.826912817,1.354812621,-0.596719638,-0.474278822,-0.473407725,-0.450093878,0.337,0,-0.090109636,,,,,,,,,,
399,-0.369157507,-0.737281045,-0.519811766,-0.474278822,-0.473407725,-0.436762135,0.337,0,-0.090117027,,,,,,,,,,
23,0.826912817,1.354812621,-1.135074746,-0.474278822,-0.473407725,-0.486482995,0.337,1,-0.090367349,,,,,,,,,,
517,-0.369157507,1.354812621,0.326174833,-0.474278822,-0.473407725,-0.436762135,0.553,1,-0.090841787,,,,,,,,,,
581,-0.369157507,1.354812621,-0.36599602,0.432550428,0.767198989,-0.044356126,0.337,1,-0.090985216,,,,,,,,,,
22,-0.369157507,-0.737281045,0.326174833,-0.474278822,-0.473407725,-0.386453672,0.337,1,-0.091395657,,,,,,,,,,
723,-0.369157507,-0.737281045,0.326174833,-0.474278822,-0.473407725,-0.386453672,0.337,0,-0.091395657,,,,,,,,,,
801,-0.369157507,-0.737281045,0.326174833,-0.474278822,-0.473407725,-0.386453672,0.337,0,-0.091395657,,,,,,,,,,
781,0.826912817,1.354812621,-1.288890491,-0.474278822,-0.473407725,-0.502581703,0.337,1,-0.091837405,,,,,,,,,,
209,0.826912817,1.354812621,-1.058166874,-0.474278822,-0.473407725,-0.492101444,0.337,1,-0.092979683,,,,,,,,,,
157,0.826912817,1.354812621,-1.058166874,-0.474278822,-0.473407725,-0.492437505,0.337,1,-0.093061987,,,,,,,,,,
405,0.826912817,1.354812621,-0.750535383,-0.474278822,-0.473407725,-0.473738855,0.337,0,-0.093427838,,,,,,,,,,
240,-0.369157507,-0.737281045,0.24926696,-0.474278822,-0.473407725,-0.401043126,0.337,0,-0.093732412,,,,,,,,,,
620,-0.369157507,-0.737281045,-0.289088148,-0.474278822,-0.473407725,-0.436762135,0.337,0,-0.09382601,,,,,,,,,,
80,0.826912817,1.354812621,0.018543343,-0.474278822,-0.473407725,-0.397018449,0.389,1,-0.094373451,,,,,,,,,,
208,0.826912817,-0.737281045,-0.289088148,-0.474278822,-0.473407725,-0.269989581,0.337,1,-0.094442116,,,,,,,,,,
808,0.826912817,1.354812621,-0.904351128,-0.474278822,-0.473407725,-0.491598359,0.337,0,-0.095329129,,,,,,,,,,
406,-0.369157507,-0.737281045,0.326174833,0.432550428,-0.473407725,-0.225466592,0.337,0,-0.095406771,,,,,,,,,,
477,-0.369157507,-0.737281045,0.326174833,0.432550428,-0.473407725,-0.225466592,0.337,0,-0.095406771,,,,,,,,,,
250,-0.369157507,-0.737281045,1.864332285,0.432550428,-0.473407725,-0.124849666,0.337,0,-0.095491377,,,,,,,,,,
884,-0.369157507,-0.737281045,-0.135272403,-0.474278822,-0.473407725,-0.436762135,0.337,0,-0.096298665,,,,,,,,,,
787,0.826912817,1.354812621,-0.904351128,-0.474278822,-0.473407725,-0.497216808,0.337,1,-0.096705135,,,,,,,,,,
294,0.826912817,1.354812621,-0.442903893,-0.474278822,-0.473407725,-0.46996572,0.337,0,-0.097449076,,,,,,,,,,
243,-0.369157507,-0.737281045,-0.05836453,-0.474278822,-0.473407725,-0.436762135,0.337,0,-0.097534993,,,,,,,,,,
796,-0.369157507,-0.737281045,0.710714196,-0.474278822,-0.473407725,-0.386453672,0.337,0,-0.097577296,,,,,,,,,,
809,-0.369157507,-0.737281045,0.710714196,-0.474278822,-0.473407725,-0.386453672,0.337,0,-0.097577296,,,,,,,,,,
260,-0.369157507,1.354812621,1.556700794,-0.474278822,0.767198989,-0.124849666,0.337,1,-0.098168738,,,,,,,,,,
235,-0.369157507,-0.737281045,-0.442903893,-0.474278822,-0.473407725,-0.436762135,0.389,0,-0.098725176,,,,,,,,,,
220,-0.369157507,-0.737281045,0.018543343,-0.474278822,-0.473407725,-0.436762135,0.337,0,-0.098771321,,,,,,,,,,
502,0.826912817,1.354812621,-0.673627511,-0.474278822,-0.473407725,-0.492101444,0.337,0,-0.099161322,,,,,,,,,,
751,-0.369157507,1.354812621,-1.981061345,0.432550428,0.767198989,-0.185219821,0.337,1,-0.099521062,,,,,,,,,,
440,-0.369157507,-0.737281045,0.095451215,-0.474278822,-0.473407725,-0.436762135,0.337,0,-0.100007649,,,,,,,,,,
555,0.826912817,1.354812621,-0.596719638,-0.474278822,-0.473407725,-0.491598359,0.337,1,-0.10027444,,,,,,,,,,
655,0.826912817,1.354812621,-0.904351128,-0.474278822,-0.473407725,-0.512224829,0.337,0,-0.100380728,,,,,,,,,,
142,0.826912817,1.354812621,-0.596719638,-0.474278822,-0.473407725,-0.492101444,0.337,1,-0.10039765,,,,,,,,,,
817,0.826912817,1.354812621,-0.519811766,-0.474278822,-0.473407725,-0.488579852,0.337,0,-0.100771509,,,,,,,,,,
71,-0.369157507,-0.737281045,0.172359088,-0.474278822,-0.473407725,-0.436762135,0.337,0,-0.101243977,,,,,,,,,,
150,-0.369157507,-0.737281045,0.941437814,-0.474278822,-0.473407725,-0.386453672,0.337,0,-0.10128628,,,,,,,,,,
289,-0.369157507,-0.737281045,0.941437814,-0.474278822,-0.473407725,-0.386453672,0.337,1,-0.10128628,,,,,,,,,,
293,-0.369157507,-0.737281045,0.479990578,-0.474278822,-0.473407725,-0.388969095,0.389,0,-0.101856183,,,,,,,,,,
831,0.826912817,1.354812621,-1.135074746,0.432550428,-0.473407725,-0.357190246,0.337,1,-0.102140676,,,,,,,,,,
229,-0.369157507,-0.737281045,-0.904351128,-0.474278822,-0.473407725,-0.386453672,0.553,0,-0.102235827,,,,,,,,,,
650,0.826912817,1.354812621,-0.519811766,-0.474278822,-0.473407725,-0.496126121,0.337,1,-0.102619655,,,,,,,,,,
518,0.826912817,-0.737281045,0.018543343,-0.474278822,-0.473407725,-0.162077929,0.553,0,-0.103580351,,,,,,,,,,
184,-0.369157507,-0.737281045,-2.211784963,1.339379678,0.767198989,0.13675434,0.337,1,-0.103892332,,,,,,,,,,
247,0.826912817,1.354812621,-0.36599602,-0.474278822,-0.473407725,-0.491598359,0.337,0,-0.103983423,,,,,,,,,,
3,0.826912817,1.354812621,-0.289088148,-0.474278822,-0.473407725,-0.488579852,0.337,1,-0.104480493,,,,,,,,,,
316,0.826912817,1.354812621,-0.289088148,-0.474278822,-0.473407725,-0.490004587,0.337,1,-0.104829423,,,,,,,,,,
813,-0.369157507,-0.737281045,0.403082706,-0.474278822,-0.473407725,-0.436762135,0.337,0,-0.10495296,,,,,,,,,,
587,-0.369157507,-0.737281045,1.325977177,-0.474278822,-0.473407725,-0.346206902,0.389,0,-0.104982961,,,,,,,,,,
217,0.826912817,1.354812621,-0.212180275,-0.474278822,-0.473407725,-0.488579852,0.337,1,-0.10571682,,,,,,,,,,
535,0.826912817,1.354812621,0.018543343,-0.474278822,-0.473407725,-0.473738855,0.337,0,-0.105791116,,,,,,,,,,
143,0.826912817,1.354812621,-0.442903893,0.432550428,-0.473407725,-0.329102025,0.337,1,-0.10638858,,,,,,,,,,
576,0.826912817,-0.737281045,-0.827443256,-0.474278822,-0.473407725,-0.356268595,0.337,0,-0.106918294,,,,,,,,,,
798,0.826912817,1.354812621,0.095451215,-0.474278822,-0.473407725,-0.473320289,0.337,1,-0.106924933,,,,,,,,,,
182,-0.369157507,-0.737281045,0.018543343,-0.474278822,-0.473407725,-0.345200733,0.553,0,-0.106968561,,,,,,,,,,
107,0.826912817,1.354812621,-0.673627511,-0.474278822,-0.473407725,-0.494113782,0.389,1,-0.107025983,,,,,,,,,,
101,0.826912817,1.354812621,-0.135272403,-0.474278822,-0.473407725,-0.489167454,0.337,0,-0.107097057,,,,,,,,,,
818,-0.369157507,-0.737281045,0.095451215,0.432550428,0.767198989,0.096592088,0.337,0,-0.107380013,,,,,,,,,,
681,0.826912817,1.354812621,0.018543343,-0.474278822,-0.473407725,-0.484303632,0.337,0,-0.108378521,,,,,,,,,,
464,-0.369157507,-0.737281045,1.402885049,-0.474278822,-0.473407725,-0.386453672,0.337,0,-0.108704246,,,,,,,,,,
416,0.826912817,1.354812621,0.018543343,-0.474278822,-0.473407725,-0.486064428,0.337,0,-0.108809755,,,,,,,,,,
565,0.826912817,1.354812621,0.018543343,-0.474278822,-0.473407725,-0.486064428,0.337,0,-0.108809755,,,,,,,,,,
625,0.826912817,-0.737281045,-0.673627511,-0.474278822,-0.473407725,-0.324071178,0.389,0,-0.108877347,,,,,,,,,,
112,0.826912817,1.354812621,-1.173528683,0.432550428,-0.473407725,-0.357190246,0.389,0,-0.108894334,,,,,,,,,,
634,-1.565227831,-0.737281045,0.018543343,-0.474278822,-0.473407725,-0.648057678,0.337,0,-0.109059277,,,,,,,,,,
816,-1.565227831,-0.737281045,0.018543343,-0.474278822,-0.473407725,-0.648057678,0.337,0,-0.109059277,,,,,,,,,,
867,-0.369157507,1.354812621,-0.212180275,0.432550428,-0.473407725,-0.369181771,0.553,1,-0.109074713,,,,,,,,,,
29,0.826912817,1.354812621,0.018543343,-0.474278822,-0.473407725,-0.489501503,0.337,1,-0.109651524,,,,,,,,,,
504,0.826912817,1.354812621,0.556898451,-0.474278822,-0.473407725,-0.455124724,0.337,0,-0.10988665,,,,,,,,,,
83,0.826912817,1.354812621,0.018543343,-0.474278822,-0.473407725,-0.491346817,0.337,1,-0.110103457,,,,,,,,,,
377,0.826912817,1.354812621,-0.596719638,-0.474278822,-0.473407725,-0.502163137,0.389,1,-0.110233667,,,,,,,,,,
48,0.826912817,1.354812621,0.018543343,-0.474278822,-0.473407725,-0.492101444,0.337,1,-0.110288272,,,,,,,,,,
199,0.826912817,1.354812621,0.018543343,-0.474278822,-0.473407725,-0.492101444,0.337,1,-0.110288272,,,,,,,,,,
275,0.826912817,1.354812621,0.018543343,-0.474278822,-0.473407725,-0.492101444,0.337,1,-0.110288272,,,,,,,,,,
301,0.826912817,1.354812621,0.018543343,-0.474278822,-0.473407725,-0.492101444,0.337,1,-0.110288272,,,,,,,,,,
369,0.826912817,1.354812621,0.018543343,-0.474278822,-0.473407725,-0.492101444,0.337,1,-0.110288272,,,,,,,,,,
574,0.826912817,1.354812621,0.018543343,-0.474278822,-0.473407725,-0.492101444,0.337,1,-0.110288272,,,,,,,,,,
728,0.826912817,1.354812621,0.018543343,-0.474278822,-0.473407725,-0.492352986,0.337,1,-0.110349877,,,,,,,,,,
698,0.826912817,1.354812621,0.018543343,-0.474278822,-0.473407725,-0.492437505,0.337,1,-0.110370576,,,,,,,,,,
736,0.826912817,-0.737281045,-0.096818466,-0.474278822,-0.473407725,-0.324071178,0.337,0,-0.110777983,,,,,,,,,,
503,0.826912817,1.354812621,0.018543343,-0.474278822,-0.473407725,-0.494532349,0.337,0,-0.110883621,,,,,,,,,,
397,0.826912817,1.354812621,0.095451215,-0.474278822,-0.473407725,-0.490004587,0.337,0,-0.111011061,,,,,,,,,,
724,-0.369157507,-0.737281045,1.556700794,-0.474278822,-0.473407725,-0.386453672,0.337,0,-0.111176902,,,,,,,,,,
696,-0.369157507,-0.737281045,1.71051654,-0.474278822,-0.473407725,-0.37639198,0.337,0,-0.111185362,,,,,,,,,,
318,-0.369157507,-0.737281045,1.864332285,-0.474278822,-0.473407725,-0.366330287,0.337,0,-0.111193823,,,,,,,,,,
236,0.826912817,1.354812621,0.018543343,-0.474278822,-0.473407725,-0.496126121,0.337,0,-0.11127395,,,,,,,,,,
313,-0.369157507,1.354812621,-0.289088148,0.432550428,0.767198989,-0.124849666,0.337,0,-0.111935104,,,,,,,,,,
842,-0.369157507,-0.737281045,-1.058166874,-0.474278822,-0.473407725,-0.436762135,0.553,0,-0.112084146,,,,,,,,,,
348,0.826912817,1.354812621,0.018543343,0.432550428,-0.473407725,-0.324071178,0.337,1,-0.112574449,,,,,,,,,,
432,0.826912817,1.354812621,0.018543343,0.432550428,-0.473407725,-0.324071178,0.337,1,-0.112574449,,,,,,,,,,
20,0.826912817,1.354812621,0.018543343,-0.474278822,-0.473407725,-0.502666221,0.337,1,-0.112875677,,,,,,,,,,
560,0.826912817,1.354812621,0.479990578,0.432550428,-0.473407725,-0.297910778,0.337,1,-0.113585509,,,,,,,,,,
715,-0.369157507,-0.737281045,1.71051654,-0.474278822,-0.473407725,-0.386453672,0.337,0,-0.113649557,,,,,,,,,,
151,-0.369157507,-0.737281045,1.633608667,-0.474278822,-0.473407725,-0.39601228,0.337,0,-0.114754215,,,,,,,,,,
242,0.826912817,1.354812621,0.018543343,0.432550428,-0.473407725,-0.33614521,0.337,1,-0.115531483,,,,,,,,,,
613,0.826912817,1.354812621,0.018543343,0.432550428,-0.473407725,-0.33614521,0.337,1,-0.115531483,,,,,,,,,,
719,0.826912817,-0.737281045,0.018543343,-0.474278822,-0.473407725,-0.33614521,0.337,0,-0.115589509,,,,,,,,,,
239,-0.369157507,-0.737281045,-0.827443256,-0.474278822,-0.473407725,-0.436762135,0.553,0,-0.115793129,,,,,,,,,,
40,0.826912817,1.354812621,-1.211982619,0.432550428,-0.473407725,-0.42183662,0.337,1,-0.116736801,,,,,,,,,,
802,-0.369157507,1.354812621,0.095451215,0.432550428,0.767198989,-0.11981882,0.337,1,-0.116884645,,,,,,,,,,
214,-0.369157507,-0.737281045,0.018543343,-0.474278822,-0.473407725,-0.386453672,0.553,0,-0.11707176,,,,,,,,,,
768,0.826912817,1.354812621,0.056997279,-0.474278822,-0.473407725,-0.492101444,0.389,0,-0.118278258,,,,,,,,,,
823,-1.565227831,-0.737281045,0.633806323,-0.474278822,-0.473407725,-0.648057678,0.337,0,-0.118949899,,,,,,,,,,
273,-0.369157507,1.354812621,0.864529941,-0.474278822,0.767198989,-0.255651669,0.337,1,-0.119076322,,,,,,,,,,
539,0.826912817,-0.737281045,0.018543343,-0.474278822,-0.473407725,-0.356268595,0.337,0,-0.120517899,,,,,,,,,,
761,0.826912817,-0.737281045,0.018543343,-0.474278822,-0.473407725,-0.356268595,0.337,0,-0.120517899,,,,,,,,,,
15,0.826912817,1.354812621,-1.211982619,-0.474278822,-0.473407725,-0.490004587,0.553,0,-0.120614903,,,,,,,,,,
241,0.826912817,1.354812621,0.018543343,0.432550428,-0.473407725,-0.357190246,0.337,0,-0.120685593,,,,,,,,,,
496,0.826912817,-0.737281045,0.018543343,-0.474278822,-0.473407725,-0.35710774,0.337,0,-0.120723413,,,,,,,,,,
331,0.826912817,1.354812621,0.018543343,1.339379678,-0.473407725,-0.180188975,0.337,1,-0.120774694,,,,,,,,,,
324,-0.369157507,1.354812621,-0.596719638,0.432550428,0.767198989,-0.064479511,0.553,1,-0.122826037,,,,,,,,,,
627,-0.369157507,-0.737281045,2.095055903,-0.474278822,-0.473407725,-0.399533873,0.337,0,-0.12303465,,,,,,,,,,
99,-0.369157507,1.354812621,0.326174833,-0.474278822,0.767198989,-0.185219821,0.553,1,-0.123794077,,,,,,,,,,
146,-0.369157507,-0.737281045,-0.827443256,0.432550428,0.767198989,0.091476724,0.553,0,-0.124418291,,,,,,,,,,
345,-0.369157507,-0.737281045,0.479990578,-0.474278822,-0.473407725,-0.386453672,0.553,0,-0.124489727,,,,,,,,,,
876,0.826912817,1.354812621,-1.135074746,-0.474278822,-0.473407725,-0.502666221,0.553,1,-0.124952174,,,,,,,,,,
341,-0.369157507,-0.737281045,-2.13487709,0.432550428,0.767198989,-0.124849666,0.337,1,-0.125759496,,,,,,,,,,
862,-0.369157507,-0.737281045,-0.673627511,0.432550428,-0.473407725,-0.41663875,0.337,0,-0.126154214,,,,,,,,,,
45,0.826912817,1.354812621,-0.827443256,-0.474278822,-0.473407725,-0.489501503,0.553,1,-0.126673332,,,,,,,,,,
194,-0.369157507,-0.737281045,-2.057969217,0.432550428,0.767198989,-0.124849666,0.337,1,-0.126995824,,,,,,,,,,
283,0.826912817,-0.737281045,-1.058166874,-0.474278822,-0.473407725,-0.45688552,0.337,0,-0.12785126,,,,,,,,,,
579,0.826912817,1.354812621,0.018543343,0.432550428,-0.473407725,-0.35710774,0.389,0,-0.128037208,,,,,,,,,,
688,0.826912817,-0.737281045,-0.827443256,-0.474278822,-0.473407725,-0.443386753,0.337,0,-0.128254279,,,,,,,,,,
277,0.826912817,1.354812621,1.172161432,-0.474278822,-0.473407725,-0.492101444,0.337,0,-0.128833189,,,,,,,,,,
290,0.826912817,1.354812621,-0.596719638,-0.474278822,-0.473407725,-0.492101444,0.553,1,-0.131019064,,,,,,,,,,
877,0.826912817,-0.737281045,-0.750535383,-0.474278822,-0.473407725,-0.449926854,0.337,0,-0.131092334,,,,,,,,,,
39,0.826912817,1.354812621,-0.904351128,1.339379678,-0.473407725,-0.285836747,0.337,0,-0.131812807,,,,,,,,,,
44,-0.369157507,1.354812621,-2.057969217,0.432550428,2.007805702,0.188656575,0.553,1,-0.13189777,,,,,,,,,,
403,0.826912817,1.354812621,-0.673627511,0.432550428,-0.473407725,-0.45034542,0.337,0,-0.132373145,,,,,,,,,,
442,0.826912817,-0.737281045,-0.750535383,-0.474278822,-0.473407725,-0.45688552,0.337,0,-0.132796571,,,,,,,,,,
164,0.826912817,-0.737281045,-0.981259001,-0.474278822,-0.473407725,-0.473738855,0.337,0,-0.133215114,,,,,,,,,,
501,0.826912817,-0.737281045,-0.981259001,-0.474278822,-0.473407725,-0.473738855,0.337,0,-0.133215114,,,,,,,,,,
727,-0.369157507,1.354812621,0.018543343,2.246208929,-0.473407725,-0.225466592,0.337,1,-0.133841666,,,,,,,,,,
441,-0.369157507,1.354812621,1.172161432,0.432550428,0.767198989,-0.11981882,0.337,1,-0.134193234,,,,,,,,,,
221,0.826912817,-0.737281045,-1.058166874,-0.474278822,-0.473407725,-0.486064428,0.337,1,-0.134997425,,,,,,,,,,
575,0.826912817,-0.737281045,-1.058166874,-0.474278822,-0.473407725,-0.486064428,0.337,0,-0.134997425,,,,,,,,,,
19,0.826912817,1.354812621,0.095451215,0.432550428,-0.473407725,-0.285836747,0.553,0,-0.13506825,,,,,,,,,,
226,0.826912817,-0.737281045,-0.596719638,-0.474278822,-0.473407725,-0.459904028,0.337,0,-0.136008485,,,,,,,,,,
835,0.826912817,-0.737281045,-0.904351128,-0.474278822,-0.473407725,-0.481033582,0.337,0,-0.136237983,,,,,,,,,,
765,0.826912817,-0.737281045,-1.058166874,-0.474278822,-0.473407725,-0.491598359,0.337,0,-0.136352732,,,,,,,,,,
139,0.826912817,-0.737281045,-1.058166874,-0.474278822,-0.473407725,-0.462586475,0.389,0,-0.136619294,,,,,,,,,,
266,-0.369157507,-0.737281045,0.479990578,-0.474278822,-0.473407725,-0.436762135,0.553,0,-0.136810702,,,,,,,,,,
726,0.826912817,-0.737281045,-0.750535383,-0.474278822,-0.473407725,-0.473738855,0.337,0,-0.136924097,,,,,,,,,,
452,0.826912817,-0.737281045,0.018543343,0.432550428,-0.473407725,-0.246260085,0.337,0,-0.137014102,,,,,,,,,,
491,0.826912817,-0.737281045,0.018543343,0.432550428,-0.473407725,-0.246260085,0.337,0,-0.137014102,,,,,,,,,,
205,0.826912817,-0.737281045,-0.904351128,-0.474278822,-0.473407725,-0.486064428,0.337,1,-0.13747008,,,,,,,,,,
81,0.826912817,-0.737281045,-0.596719638,-0.474278822,-0.473407725,-0.466947213,0.337,0,-0.137733421,,,,,,,,,,
351,0.826912817,-0.737281045,-0.519811766,-0.474278822,-0.473407725,-0.462419451,0.337,0,-0.137860861,,,,,,,,,,
837,0.826912817,-0.737281045,-0.673627511,-0.474278822,-0.473407725,-0.473738855,0.337,0,-0.138160425,,,,,,,,,,
618,0.826912817,1.354812621,-0.289088148,0.432550428,-0.473407725,-0.324071178,0.553,0,-0.138250552,,,,,,,,,,
536,-0.369157507,1.354812621,-1.750337727,-0.474278822,2.007805702,-0.11981882,0.337,1,-0.138331709,,,,,,,,,,
571,-0.369157507,-0.737281045,2.479595266,-0.474278822,-0.473407725,-0.436762135,0.337,1,-0.13833381,,,,,,,,,,
114,0.826912817,1.354812621,-0.750535383,0.432550428,-0.473407725,-0.45034542,0.389,0,-0.13850864,,,,,,,,,,
284,0.826912817,-0.737281045,-0.827443256,-0.474278822,-0.473407725,-0.486064428,0.337,1,-0.138706408,,,,,,,,,,
373,0.826912817,-0.737281045,-0.827443256,-0.474278822,-0.473407725,-0.486064428,0.337,0,-0.138706408,,,,,,,,,,
676,0.826912817,-0.737281045,-0.904351128,-0.474278822,-0.473407725,-0.491598359,0.337,0,-0.138825388,,,,,,,,,,
776,0.826912817,-0.737281045,-0.904351128,-0.474278822,-0.473407725,-0.492101444,0.337,0,-0.138948598,,,,,,,,,,
653,0.826912817,-0.737281045,-0.673627511,-0.474278822,-0.473407725,-0.478351135,0.337,0,-0.139290012,,,,,,,,,,
567,0.826912817,-0.737281045,-0.827443256,-0.474278822,-0.473407725,-0.489167454,0.337,0,-0.139466366,,,,,,,,,,
647,0.826912817,-0.737281045,-0.827443256,-0.474278822,-0.473407725,-0.489167454,0.337,0,-0.139466366,,,,,,,,,,
878,0.826912817,-0.737281045,-0.827443256,-0.474278822,-0.473407725,-0.489167454,0.337,0,-0.139466366,,,,,,,,,,
238,-0.369157507,1.354812621,-1.673429854,-0.474278822,2.007805702,-0.11981882,0.337,1,-0.139568037,,,,,,,,,,
193,0.826912817,1.354812621,-0.827443256,0.432550428,-0.473407725,-0.490004587,0.337,1,-0.139613361,,,,,,,,,,
359,0.826912817,1.354812621,0.018543343,-0.474278822,-0.473407725,-0.489501503,0.553,1,-0.140272938,,,,,,,,,,
360,0.826912817,1.354812621,0.018543343,-0.474278822,-0.473407725,-0.489501503,0.553,1,-0.140272938,,,,,,,,,,
654,0.826912817,1.354812621,0.018543343,-0.474278822,-0.473407725,-0.490507672,0.553,1,-0.140519357,,,,,,,,,,
841,0.826912817,-0.737281045,-0.750535383,-0.474278822,-0.473407725,-0.488579852,0.337,0,-0.140558785,,,,,,,,,,
685,-0.369157507,-0.737281045,2.32577952,0.432550428,0.767198989,0.13675434,0.389,0,-0.14076926,,,,,,,,,,
434,0.826912817,-0.737281045,-0.981259001,-0.474278822,-0.473407725,-0.50467856,0.337,0,-0.140792514,,,,,,,,,,
92,0.826912817,-0.737281045,-0.750535383,-0.474278822,-0.473407725,-0.490004587,0.337,0,-0.140907715,,,,,,,,,,
641,0.826912817,-0.737281045,-0.750535383,-0.474278822,-0.473407725,-0.490004587,0.337,0,-0.140907715,,,,,,,,,,
33,0.826912817,1.354812621,0.018543343,-0.474278822,-0.473407725,-0.492101444,0.553,1,-0.140909686,,,,,,,,,,
265,0.826912817,1.354812621,0.018543343,-0.474278822,-0.473407725,-0.492101444,0.553,0,-0.140909686,,,,,,,,,,
495,0.826912817,-0.737281045,-0.673627511,-0.474278822,-0.473407725,-0.486064428,0.337,0,-0.141179064,,,,,,,,,,
133,0.826912817,1.354812621,1.325977177,0.432550428,-0.473407725,-0.356268595,0.337,0,-0.141477445,,,,,,,,,,
683,0.826912817,-0.737281045,-0.750535383,-0.474278822,-0.473407725,-0.462419451,0.389,0,-0.1415237,,,,,,,,,,
116,0.826912817,-0.737281045,-0.673627511,-0.474278822,-0.473407725,-0.488579852,0.337,0,-0.141795113,,,,,,,,,,
174,0.826912817,-0.737281045,-0.673627511,-0.474278822,-0.473407725,-0.488579852,0.337,0,-0.141795113,,,,,,,,,,
624,0.826912817,-0.737281045,-0.673627511,-0.474278822,-0.473407725,-0.490004587,0.337,0,-0.142144043,,,,,,,,,,
137,-1.565227831,1.354812621,-0.827443256,-0.474278822,2.007805702,-0.119148711,0.553,1,-0.142164803,,,,,,,,,,
52,0.826912817,-0.737281045,-0.673627511,-0.474278822,-0.473407725,-0.491095275,0.337,0,-0.142411161,,,,,,,,,,
113,0.826912817,-0.737281045,-0.596719638,-0.474278822,-0.473407725,-0.486064428,0.337,0,-0.142415392,,,,,,,,,,
589,0.826912817,-0.737281045,-0.596719638,-0.474278822,-0.473407725,-0.486064428,0.337,0,-0.142415392,,,,,,,,,,
288,0.826912817,-0.737281045,-0.596719638,-0.474278822,-0.473407725,-0.489167454,0.337,0,-0.143175349,,,,,,,,,,
522,0.826912817,-0.737281045,-0.596719638,-0.474278822,-0.473407725,-0.489167454,0.337,0,-0.143175349,,,,,,,,,,
34,-0.369157507,-0.737281045,2.787226756,-0.474278822,-0.473407725,-0.436762135,0.337,0,-0.143279121,,,,,,,,,,
368,0.826912817,1.354812621,0.018543343,-0.474278822,-0.473407725,-0.502581703,0.553,1,-0.143476391,,,,,,,,,,
396,0.826912817,-0.737281045,-0.596719638,-0.474278822,-0.473407725,-0.491179793,0.337,0,-0.143668188,,,,,,,,,,
714,0.826912817,-0.737281045,-0.05836453,-0.474278822,-0.473407725,-0.457221581,0.337,0,-0.144005825,,,,,,,,,,
754,0.826912817,-0.737281045,-0.519811766,-0.474278822,-0.473407725,-0.489167454,0.337,0,-0.144411677,,,,,,,,,,
228,0.826912817,-0.737281045,-0.712081447,-0.474278822,-0.473407725,-0.502163137,0.337,0,-0.144503612,,,,,,,,,,
834,0.826912817,-0.737281045,-0.519811766,-0.474278822,-0.473407725,-0.490004587,0.337,0,-0.144616698,,,,,,,,,,
90,0.826912817,-0.737281045,-0.442903893,-0.474278822,-0.473407725,-0.486064428,0.337,0,-0.144888047,,,,,,,,,,
479,0.826912817,-0.737281045,-0.596719638,-0.474278822,-0.473407725,-0.496713724,0.337,0,-0.145023496,,,,,,,,,,
144,0.826912817,-0.737281045,-0.827443256,-0.474278822,-0.473407725,-0.512224829,0.337,0,-0.145113315,,,,,,,,,,
771,0.826912817,-0.737281045,-0.442903893,-0.474278822,-0.473407725,-0.45688552,0.389,0,-0.145113704,,,,,,,,,,
492,0.826912817,-0.737281045,-0.673627511,-0.474278822,-0.473407725,-0.502163137,0.337,0,-0.145121776,,,,,,,,,,
287,0.826912817,-0.737281045,0.018543343,-0.474278822,-0.473407725,-0.45688552,0.337,1,-0.145159849,,,,,,,,,,
869,0.826912817,-0.737281045,0.018543343,-0.474278822,-0.473407725,-0.45688552,0.337,0,-0.145159849,,,,,,,,,,
677,0.826912817,-0.737281045,-0.404449957,-0.474278822,-0.473407725,-0.486064428,0.337,0,-0.145506211,,,,,,,,,,
822,0.826912817,-0.737281045,-0.212180275,-0.474278822,-0.473407725,-0.473738855,0.337,1,-0.145578392,,,,,,,,,,
295,0.826912817,-0.737281045,-0.442903893,-0.474278822,-0.473407725,-0.489167454,0.337,0,-0.145648005,,,,,,,,,,
500,0.826912817,-0.737281045,-0.442903893,-0.474278822,-0.473407725,-0.491179793,0.337,0,-0.146140844,,,,,,,,,,
187,0.826912817,1.354812621,0.018543343,0.432550428,-0.473407725,-0.33614521,0.553,1,-0.146152897,,,,,,,,,,
213,0.826912817,-0.737281045,-0.596719638,-0.474278822,-0.473407725,-0.502163137,0.337,0,-0.146358104,,,,,,,,,,
321,0.826912817,-0.737281045,-0.596719638,-0.474278822,-0.473407725,-0.502163137,0.337,0,-0.146358104,,,,,,,,,,
61,0.826912817,-0.737281045,-0.596719638,-0.474278822,-0.473407725,-0.502581703,0.337,0,-0.146460614,,,,,,,,,,
554,0.826912817,-0.737281045,-0.596719638,-0.474278822,-0.473407725,-0.502666221,0.337,1,-0.146481313,,,,,,,,,,
730,0.826912817,1.354812621,-0.36599602,0.432550428,-0.473407725,-0.488579852,0.337,0,-0.146682397,,,,,,,,,,
795,0.826912817,-0.737281045,-0.36599602,-0.474278822,-0.473407725,-0.489167454,0.337,0,-0.146884333,,,,,,,,,,
244,0.826912817,-0.737281045,-0.596719638,-0.474278822,-0.473407725,-0.50467856,0.337,0,-0.146974152,,,,,,,,,,
769,0.826912817,-0.737281045,0.018543343,0.432550428,-0.473407725,-0.162077929,0.553,0,-0.147018583,,,,,,,,,,
402,0.826912817,-0.737281045,-0.289088148,-0.474278822,-0.473407725,-0.486064428,0.337,0,-0.147360703,,,,,,,,,,
380,0.826912817,-0.737281045,-0.827443256,-0.474278822,-0.473407725,-0.491598359,0.389,0,-0.147433537,,,,,,,,,,
480,0.826912817,1.354812621,-2.13487709,-0.474278822,0.767198989,-0.400791584,0.337,1,-0.147865688,,,,,,,,,,
601,-0.369157507,1.354812621,-0.442903893,1.339379678,0.767198989,-0.104726281,0.337,1,-0.147972291,,,,,,,,,,
716,0.826912817,-0.737281045,-0.827443256,-0.474278822,-0.473407725,-0.494113782,0.389,0,-0.148049586,,,,,,,,,,
76,0.826912817,-0.737281045,-0.36599602,-0.474278822,-0.473407725,-0.494113782,0.337,0,-0.148095731,,,,,,,,,,
629,0.826912817,-0.737281045,-0.289088148,-0.474278822,-0.473407725,-0.489167454,0.337,0,-0.14812066,,,,,,,,,,
871,0.826912817,-0.737281045,-0.289088148,-0.474278822,-0.473407725,-0.489167454,0.337,0,-0.14812066,,,,,,,,,,
811,0.826912817,-0.737281045,-0.289088148,-0.474278822,-0.473407725,-0.489334479,0.337,0,-0.148161566,,,,,,,,,,
498,0.826912817,-0.737281045,0.018543343,-0.474278822,-0.473407725,-0.344194564,0.553,0,-0.148182279,,,,,,,,,,
673,-0.369157507,-0.737281045,3.094858246,-0.474278822,-0.473407725,-0.436762135,0.337,0,-0.148224432,,,,,,,,,,
297,0.826912817,-0.737281045,-0.481357829,-0.474278822,-0.473407725,-0.502581703,0.337,0,-0.148315106,,,,,,,,,,
744,0.826912817,-0.737281045,-0.442903893,0.432550428,-0.473407725,-0.324071178,0.337,0,-0.148652741,,,,,,,,,,
163,0.826912817,-0.737281045,-0.289088148,-0.474278822,-0.473407725,-0.491598359,0.337,0,-0.14871601,,,,,,,,,,
753,0.826912817,-0.737281045,0.24926696,-0.474278822,-0.473407725,-0.45688552,0.337,0,-0.148868832,,,,,,,,,,
585,0.826912817,-0.737281045,0.018543343,-0.474278822,-0.473407725,-0.472732686,0.337,0,-0.149040956,,,,,,,,,,
159,0.826912817,-0.737281045,0.018543343,-0.474278822,-0.473407725,-0.473738855,0.337,0,-0.149287375,,,,,,,,,,
322,0.826912817,-0.737281045,-0.212180275,-0.474278822,-0.473407725,-0.489167454,0.337,0,-0.149356988,,,,,,,,,,
128,0.826912817,-0.737281045,-0.442903893,-0.474278822,-0.473407725,-0.504342499,0.337,1,-0.149364504,,,,,,,,,,
484,0.826912817,1.354812621,2.556503138,-0.474278822,-0.473407725,-0.455124724,0.389,1,-0.149402994,,,,,,,,,,
211,0.826912817,-0.737281045,-0.442903893,-0.474278822,-0.473407725,-0.506187814,0.337,0,-0.149816437,,,,,,,,,,
147,0.826912817,-0.737281045,-0.212180275,-0.474278822,-0.473407725,-0.491179793,0.337,1,-0.149849827,,,,,,,,,,
409,0.826912817,-0.737281045,-0.673627511,-0.474278822,-0.473407725,-0.491598359,0.389,0,-0.149906193,,,,,,,,,,
201,0.826912817,-0.737281045,-0.135272403,-0.474278822,-0.473407725,-0.45688552,0.389,0,-0.150059015,,,,,,,,,,
356,0.826912817,-0.737281045,-0.135272403,-0.474278822,-0.473407725,-0.45688552,0.389,0,-0.150059015,,,,,,,,,,
233,-0.369157507,-0.737281045,2.248871648,-0.474278822,-0.473407725,-0.37639198,0.553,0,-0.150461071,,,,,,,,,,
278,-0.369157507,-0.737281045,0.018543343,-0.474278822,-0.473407725,-0.648057678,0.337,0,-0.150519415,,,,,,,,,,
482,-0.369157507,-0.737281045,0.018543343,-0.474278822,-0.473407725,-0.648057678,0.337,0,-0.150519415,,,,,,,,,,
675,-0.369157507,-0.737281045,0.018543343,-0.474278822,-0.473407725,-0.648057678,0.337,0,-0.150519415,,,,,,,,,,
733,-0.369157507,-0.737281045,0.018543343,-0.474278822,-0.473407725,-0.648057678,0.337,0,-0.150519415,,,,,,,,,,
314,0.826912817,-0.737281045,-0.135272403,-0.474278822,-0.473407725,-0.489167454,0.337,0,-0.150593316,,,,,,,,,,
282,0.826912817,-0.737281045,-0.135272403,-0.474278822,-0.473407725,-0.490004587,0.337,0,-0.150798337,,,,,,,,,,
807,-1.565227831,-0.737281045,0.710714196,-0.474278822,-0.473407725,-0.648057678,0.553,0,-0.150807641,,,,,,,,,,
785,0.826912817,-0.737281045,-0.36599602,-0.474278822,-0.473407725,-0.506187814,0.337,0,-0.151052765,,,,,,,,,,
885,0.826912817,-0.737281045,-0.36599602,-0.474278822,-0.473407725,-0.506187814,0.337,0,-0.151052765,,,,,,,,,,
91,0.826912817,-0.737281045,-0.05836453,-0.474278822,-0.473407725,-0.486064428,0.337,0,-0.151069686,,,,,,,,,,
757,0.826912817,-0.737281045,-0.135272403,-0.474278822,-0.473407725,-0.491179793,0.337,0,-0.151086155,,,,,,,,,,
763,0.826912817,-0.737281045,-0.750535383,-0.474278822,-0.473407725,-0.502581703,0.389,1,-0.15135978,,,,,,,,,,
456,0.826912817,-0.737281045,-0.05836453,-0.474278822,-0.473407725,-0.489167454,0.337,1,-0.151829644,,,,,,,,,,
828,-0.369157507,-0.737281045,-2.211784963,-0.474278822,2.007805702,0.096592088,0.553,1,-0.152030525,,,,,,,,,,
264,-1.565227831,-0.737281045,0.787622069,-0.474278822,-0.473407725,-0.648057678,0.553,0,-0.152043969,,,,,,,,,,
88,0.826912817,-0.737281045,0.018543343,-0.474278822,-0.473407725,-0.486064428,0.337,0,-0.152306014,,,,,,,,,,
122,0.826912817,-0.737281045,0.018543343,-0.474278822,-0.473407725,-0.486064428,0.337,0,-0.152306014,,,,,,,,,,
512,0.826912817,-0.737281045,0.018543343,-0.474278822,-0.473407725,-0.486064428,0.337,0,-0.152306014,,,,,,,,,,
564,0.826912817,-0.737281045,0.018543343,-0.474278822,-0.473407725,-0.486064428,0.337,0,-0.152306014,,,,,,,,,,
838,0.826912817,-0.737281045,0.018543343,-0.474278822,-0.473407725,-0.486064428,0.337,0,-0.152306014,,,,,,,,,,
566,0.826912817,-0.737281045,-0.442903893,1.339379678,-0.473407725,-0.162077929,0.337,0,-0.152417435,,,,,,,,,,
511,0.826912817,-0.737281045,-0.05836453,-0.474278822,-0.473407725,-0.492101444,0.337,1,-0.152548203,,,,,,,,,,
815,0.826912817,-0.737281045,0.056997279,-0.474278822,-0.473407725,-0.486064428,0.337,0,-0.152924178,,,,,,,,,,
286,0.826912817,-0.737281045,0.24926696,-0.474278822,-0.473407725,-0.473738855,0.337,0,-0.152996358,,,,,,,,,,
30,0.826912817,-0.737281045,0.018543343,-0.474278822,-0.473407725,-0.489167454,0.337,0,-0.153065972,,,,,,,,,,
43,0.826912817,-0.737281045,0.018543343,-0.474278822,-0.473407725,-0.489167454,0.337,0,-0.153065972,,,,,,,,,,
77,0.826912817,-0.737281045,0.018543343,-0.474278822,-0.473407725,-0.489167454,0.337,0,-0.153065972,,,,,,,,,,
102,0.826912817,-0.737281045,0.018543343,-0.474278822,-0.473407725,-0.489167454,0.337,0,-0.153065972,,,,,,,,,,
224,0.826912817,-0.737281045,0.018543343,-0.474278822,-0.473407725,-0.489167454,0.337,0,-0.153065972,,,,,,,,,,
336,0.826912817,-0.737281045,0.018543343,-0.474278822,-0.473407725,-0.489167454,0.337,0,-0.153065972,,,,,,,,,,
385,0.826912817,-0.737281045,0.018543343,-0.474278822,-0.473407725,-0.489167454,0.337,0,-0.153065972,,,,,,,,,,
411,0.826912817,-0.737281045,0.018543343,-0.474278822,-0.473407725,-0.489167454,0.337,0,-0.153065972,,,,,,,,,,
421,0.826912817,-0.737281045,0.018543343,-0.474278822,-0.473407725,-0.489167454,0.337,0,-0.153065972,,,,,,,,,,
607,0.826912817,-0.737281045,0.018543343,-0.474278822,-0.473407725,-0.489167454,0.337,0,-0.153065972,,,,,,,,,,
657,0.826912817,-0.737281045,0.018543343,-0.474278822,-0.473407725,-0.489167454,0.337,0,-0.153065972,,,,,,,,,,
739,0.826912817,-0.737281045,0.018543343,-0.474278822,-0.473407725,-0.489167454,0.337,0,-0.153065972,,,,,,,,,,
740,0.826912817,-0.737281045,0.018543343,-0.474278822,-0.473407725,-0.489167454,0.337,0,-0.153065972,,,,,,,,,,
770,0.826912817,-0.737281045,0.172359088,-0.474278822,-0.473407725,-0.479775871,0.337,0,-0.153238548,,,,,,,,,,
553,0.826912817,-0.737281045,0.018543343,-0.474278822,-0.473407725,-0.490507672,0.337,0,-0.153394202,,,,,,,,,,
108,0.826912817,-0.737281045,0.018543343,-0.474278822,-0.473407725,-0.491598359,0.337,1,-0.153661321,,,,,,,,,,
668,0.826912817,-0.737281045,0.018543343,-0.474278822,-0.473407725,-0.491598359,0.337,0,-0.153661321,,,,,,,,,,
197,0.826912817,-0.737281045,0.018543343,-0.474278822,-0.473407725,-0.492101444,0.337,0,-0.153784531,,,,,,,,,,
261,0.826912817,-0.737281045,0.018543343,-0.474278822,-0.473407725,-0.492101444,0.337,0,-0.153784531,,,,,,,,,,
429,0.826912817,-0.737281045,0.018543343,-0.474278822,-0.473407725,-0.492101444,0.337,0,-0.153784531,,,,,,,,,,
460,0.826912817,-0.737281045,0.018543343,-0.474278822,-0.473407725,-0.492101444,0.337,0,-0.153784531,,,,,,,,,,
561,0.826912817,-0.737281045,0.018543343,-0.474278822,-0.473407725,-0.492101444,0.337,0,-0.153784531,,,,,,,,,,
614,0.826912817,-0.737281045,0.018543343,-0.474278822,-0.473407725,-0.492101444,0.337,0,-0.153784531,,,,,,,,,,
791,0.826912817,-0.737281045,0.018543343,-0.474278822,-0.473407725,-0.492101444,0.337,0,-0.153784531,,,,,,,,,,
829,0.826912817,-0.737281045,0.018543343,-0.474278822,-0.473407725,-0.492101444,0.337,1,-0.153784531,,,,,,,,,,
630,0.826912817,-0.737281045,0.018543343,-0.474278822,-0.473407725,-0.492437505,0.337,0,-0.153866835,,,,,,,,,,
389,0.826912817,-0.737281045,0.018543343,-0.474278822,-0.473407725,-0.49252001,0.337,0,-0.153887041,,,,,,,,,,
805,0.826912817,-0.737281045,-0.212180275,-0.474278822,-0.473407725,-0.507697067,0.337,1,-0.15389505,,,,,,,,,,
469,0.826912817,-0.737281045,0.018543343,-0.474278822,-0.473407725,-0.492604529,0.337,0,-0.153907741,,,,,,,,,,
745,0.826912817,-0.737281045,0.095451215,-0.474278822,-0.473407725,-0.488579852,0.337,1,-0.154158391,,,,,,,,,,
58,0.826912817,-0.737281045,-0.096818466,-0.474278822,-0.473407725,-0.502581703,0.337,0,-0.154496745,,,,,,,,,,
649,0.826912817,-0.737281045,0.018543343,-0.474278822,-0.473407725,-0.496126121,0.337,0,-0.154770209,,,,,,,,,,
430,0.826912817,-0.737281045,0.172359088,-0.474278822,-0.473407725,-0.486064428,0.337,1,-0.154778669,,,,,,,,,,
806,0.826912817,-0.737281045,0.095451215,-0.474278822,-0.473407725,-0.491598359,0.337,0,-0.154897649,,,,,,,,,,
515,0.826912817,-0.737281045,-0.442903893,-0.474278822,-0.473407725,-0.497216808,0.389,0,-0.154991183,,,,,,,,,,
704,0.826912817,-0.737281045,-0.36599602,-0.474278822,-0.473407725,-0.492268468,0.389,0,-0.155015619,,,,,,,,,,
609,-0.369157507,1.354812621,-0.596719638,0.432550428,2.007805702,0.188656575,0.553,1,-0.155387998,,,,,,,,,,
383,0.826912817,-0.737281045,0.172359088,-0.474278822,-0.473407725,-0.488579852,0.337,0,-0.155394718,,,,,,,,,,
580,0.826912817,-0.737281045,0.172359088,-0.474278822,-0.473407725,-0.488579852,0.337,1,-0.155394718,,,,,,,,,,
637,0.826912817,-0.737281045,0.172359088,-0.474278822,-0.473407725,-0.488579852,0.337,0,-0.155394718,,,,,,,,,,
520,0.826912817,-0.737281045,0.172359088,-0.474278822,-0.473407725,-0.489167454,0.337,0,-0.155538627,,,,,,,,,,
570,0.826912817,-0.737281045,0.172359088,-0.474278822,-0.473407725,-0.490004587,0.337,1,-0.155743648,,,,,,,,,,
155,0.826912817,-0.737281045,0.018543343,-0.474278822,-0.473407725,-0.500905425,0.337,0,-0.155940701,,,,,,,,,,
254,0.826912817,-0.737281045,0.018543343,0.432550428,-0.473407725,-0.324071178,0.337,0,-0.156070708,,,,,,,,,,
640,0.826912817,-0.737281045,0.018543343,0.432550428,-0.473407725,-0.324071178,0.337,0,-0.156070708,,,,,,,,,,
251,0.826912817,-0.737281045,0.018543343,-0.474278822,-0.473407725,-0.502163137,0.337,0,-0.156248726,,,,,,,,,,
366,0.826912817,-0.737281045,0.018543343,-0.474278822,-0.473407725,-0.502163137,0.337,0,-0.156248726,,,,,,,,,,
471,0.826912817,-0.737281045,0.018543343,-0.474278822,-0.473407725,-0.502163137,0.337,0,-0.156248726,,,,,,,,,,
891,0.826912817,-0.737281045,0.172359088,-0.474278822,-0.473407725,-0.492101444,0.337,0,-0.156257186,,,,,,,,,,
532,0.826912817,-0.737281045,0.018543343,-0.474278822,-0.473407725,-0.502581703,0.337,0,-0.156351236,,,,,,,,,,
569,0.826912817,-0.737281045,0.018543343,-0.474278822,-0.473407725,-0.502581703,0.337,0,-0.156351236,,,,,,,,,,
799,0.826912817,-0.737281045,0.018543343,-0.474278822,-0.473407725,-0.502581703,0.337,0,-0.156351236,,,,,,,,,,
833,0.826912817,-0.737281045,0.018543343,-0.474278822,-0.473407725,-0.502581703,0.337,0,-0.156351236,,,,,,,,,,
860,0.826912817,-0.737281045,0.018543343,-0.474278822,-0.473407725,-0.502581703,0.337,0,-0.156351236,,,,,,,,,,
27,0.826912817,-0.737281045,0.018543343,-0.474278822,-0.473407725,-0.502666221,0.337,0,-0.156371936,,,,,,,,,,
245,0.826912817,-0.737281045,0.018543343,-0.474278822,-0.473407725,-0.502666221,0.337,0,-0.156371936,,,,,,,,,,
131,0.826912817,-0.737281045,0.24926696,-0.474278822,-0.473407725,-0.489167454,0.337,0,-0.156774955,,,,,,,,,,
882,0.826912817,-0.737281045,0.24926696,-0.474278822,-0.473407725,-0.489167454,0.337,0,-0.156774955,,,,,,,,,,
206,0.826912817,1.354812621,-2.13487709,-0.474278822,0.767198989,-0.437516762,0.337,0,-0.15686,,,,,,,,,,
703,0.826912817,1.354812621,-0.904351128,-0.474278822,0.767198989,-0.357190246,0.337,0,-0.156968591,,,,,,,,,,
759,0.826912817,-0.737281045,0.326174833,-0.474278822,-0.473407725,-0.486064428,0.337,0,-0.157251325,,,,,,,,,,
826,0.826912817,-0.737281045,0.018543343,-0.474278822,-0.473407725,-0.508200152,0.337,0,-0.157727243,,,,,,,,,,
106,0.826912817,-0.737281045,-0.135272403,-0.474278822,-0.473407725,-0.489167454,0.389,0,-0.157965138,,,,,,,,,,
5,0.826912817,-0.737281045,0.403082706,-0.474278822,-0.473407725,-0.486064428,0.337,0,-0.158487653,,,,,,,,,,
615,0.826912817,-0.737281045,0.403082706,-0.474278822,-0.473407725,-0.486064428,0.337,0,-0.158487653,,,,,,,,,,
74,0.826912817,-0.737281045,-0.289088148,0.432550428,-0.473407725,-0.357190246,0.337,0,-0.159236541,,,,,,,,,,
848,0.826912817,-0.737281045,0.403082706,-0.474278822,-0.473407725,-0.489167454,0.337,0,-0.15924761,,,,,,,,,,
96,0.826912817,-0.737281045,0.018543343,-0.474278822,-0.473407725,-0.486064428,0.389,0,-0.159677836,,,,,,,,,,
455,0.826912817,-0.737281045,0.018543343,-0.474278822,-0.473407725,-0.486064428,0.389,0,-0.159677836,,,,,,,,,,
207,0.826912817,-0.737281045,0.172359088,0.432550428,-0.473407725,-0.329102025,0.337,0,-0.159775461,,,,,,,,,,
379,0.826912817,-0.737281045,-0.750535383,-0.474278822,-0.473407725,-0.567312596,0.337,0,-0.15984111,,,,,,,,,,
832,-0.369157507,-0.737281045,-2.224859301,0.432550428,0.767198989,-0.270744208,0.337,1,-0.160043819,,,,,,,,,,
638,-0.369157507,-0.737281045,0.095451215,0.432550428,0.767198989,-0.11981882,0.337,0,-0.160380904,,,,,,,,,,
104,0.826912817,-0.737281045,0.24926696,-0.474278822,-0.473407725,-0.473905879,0.389,0,-0.160409086,,,,,,,,,,
879,0.826912817,-0.737281045,0.018543343,-0.474278822,-0.473407725,-0.489167454,0.389,0,-0.160437793,,,,,,,,,,
621,0.826912817,-0.737281045,-0.212180275,0.432550428,-0.473407725,-0.357190246,0.337,0,-0.160472869,,,,,,,,,,
127,0.826912817,-0.737281045,0.018543343,-0.474278822,-0.473407725,-0.492101444,0.389,0,-0.161156353,,,,,,,,,,
591,0.826912817,-0.737281045,0.403082706,-0.474278822,-0.473407725,-0.50467856,0.337,0,-0.163046414,,,,,,,,,,
364,0.826912817,-0.737281045,0.403082706,-0.474278822,-0.473407725,-0.506187814,0.337,0,-0.163416043,,,,,,,,,,
845,0.826912817,-0.737281045,-0.981259001,-0.474278822,-0.473407725,-0.473738855,0.553,0,-0.163836528,,,,,,,,,,
401,0.826912817,-0.737281045,0.710714196,-0.474278822,-0.473407725,-0.488579852,0.337,1,-0.164049013,,,,,,,,,,
529,0.826912817,-0.737281045,0.710714196,-0.474278822,-0.473407725,-0.488579852,0.337,0,-0.164049013,,,,,,,,,,
612,0.826912817,-0.737281045,0.018543343,-0.474278822,-0.473407725,-0.506187814,0.389,0,-0.164606226,,,,,,,,,,
462,0.826912817,-0.737281045,0.326174833,-0.474278822,-0.473407725,-0.486064428,0.389,0,-0.164623147,,,,,,,,,,
720,0.826912817,-0.737281045,0.24926696,-0.474278822,-0.473407725,-0.491598359,0.389,0,-0.164742126,,,,,,,,,,
203,0.826912817,-0.737281045,0.326174833,-0.474278822,-0.473407725,-0.517340194,0.337,0,-0.164911029,,,,,,,,,,
844,0.826912817,-0.737281045,0.364628769,-0.474278822,-0.473407725,-0.518513387,0.337,0,-0.165816518,,,,,,,,,,
606,0.826912817,-0.737281045,0.479990578,0.432550428,-0.473407725,-0.33513904,0.337,0,-0.166199289,,,,,,,,,,
526,0.826912817,-0.737281045,0.826076005,-0.474278822,-0.473407725,-0.492101444,0.337,0,-0.166765973,,,,,,,,,,
466,0.826912817,-0.737281045,0.633806323,-0.474278822,-0.473407725,-0.506187814,0.337,0,-0.167125026,,,,,,,,,,
79,-0.369157507,-0.737281045,-2.224859301,-0.474278822,2.007805702,-0.064479511,0.389,1,-0.168018576,,,,,,,,,,
669,0.826912817,-0.737281045,1.018345686,-0.474278822,-0.473407725,-0.486064428,0.337,0,-0.168378275,,,,,,,,,,
874,0.826912817,-0.737281045,1.325977177,-0.474278822,-0.473407725,-0.466947213,0.337,0,-0.168641616,,,,,,,,,,
68,0.826912817,-0.737281045,-0.827443256,-0.474278822,-0.473407725,-0.483885066,0.553,0,-0.168794078,,,,,,,,,,
700,0.826912817,-0.737281045,0.941437814,-0.474278822,-0.473407725,-0.494113782,0.337,0,-0.169113303,,,,,,,,,,
689,0.826912817,-0.737281045,-0.904351128,-0.474278822,-0.473407725,-0.491179793,0.553,0,-0.169344291,,,,,,,,,,
846,0.826912817,-0.737281045,0.941437814,-0.474278822,-0.473407725,-0.496126121,0.337,0,-0.169606142,,,,,,,,,,
604,0.826912817,-0.737281045,1.095253559,-0.474278822,-0.473407725,-0.486064428,0.337,0,-0.169614603,,,,,,,,,,
408,-0.369157507,-0.737281045,-2.057969217,0.432550428,0.767198989,-0.270744208,0.389,1,-0.170098472,,,,,,,,,,
415,0.826912817,-0.737281045,1.095253559,-0.474278822,-0.473407725,-0.488579852,0.337,1,-0.170230652,,,,,,,,,,
109,0.826912817,-0.737281045,0.633806323,-0.474278822,-0.473407725,-0.489167454,0.389,0,-0.170328416,,,,,,,,,,
762,0.826912817,-0.737281045,0.864529941,-0.474278822,-0.473407725,-0.50467856,0.337,0,-0.17046438,,,,,,,,,,
13,0.826912817,-0.737281045,-0.750535383,-0.474278822,-0.473407725,-0.486064428,0.553,0,-0.17056415,,,,,,,,,,
339,0.826912817,-0.737281045,1.172161432,-0.474278822,-0.473407725,-0.486064428,0.337,1,-0.17085093,,,,,,,,,,
302,0.826912817,-0.737281045,0.018543343,1.339379678,-0.473407725,-0.180188975,0.389,1,-0.171642774,,,,,,,,,,
507,-0.369157507,1.354812621,0.24926696,-0.474278822,2.007805702,-0.124849666,0.337,1,-0.171708329,,,,,,,,,,
38,0.826912817,-0.737281045,-0.673627511,-0.474278822,-0.473407725,-0.486064428,0.553,0,-0.171800478,,,,,,,,,,
59,-0.369157507,1.354812621,-1.904153472,0.432550428,2.007805702,-0.089633742,0.337,1,-0.171904701,,,,,,,,,,
49,0.826912817,-0.737281045,0.018543343,1.339379678,-0.473407725,-0.211798788,0.337,0,-0.172012467,,,,,,,,,,
11,0.826912817,1.354812621,-1.981061345,0.432550428,0.767198989,-0.311997147,0.337,1,-0.172030056,,,,,,,,,,
354,0.826912817,-0.737281045,-0.36599602,0.432550428,-0.473407725,-0.289861424,0.553,0,-0.17213222,,,,,,,,,,
334,0.826912817,-0.737281045,-1.058166874,1.339379678,-0.473407725,-0.285836747,0.337,0,-0.172836411,,,,,,,,,,
392,0.826912817,-0.737281045,-0.673627511,-0.474278822,-0.473407725,-0.491179793,0.553,1,-0.173053275,,,,,,,,,,
422,0.826912817,-0.737281045,-0.673627511,-0.474278822,-0.473407725,-0.492437505,0.553,0,-0.173361299,,,,,,,,,,
82,0.826912817,-0.737281045,-0.05836453,-0.474278822,-0.473407725,-0.45688552,0.553,1,-0.174544935,,,,,,,,,,
315,-0.369157507,-0.737281045,1.018345686,0.432550428,0.767198989,-0.11981882,0.337,0,-0.175216837,,,,,,,,,,
692,0.826912817,1.354812621,-1.981061345,-0.474278822,0.767198989,-0.378068258,0.553,1,-0.17539462,,,,,,,,,,
132,0.826912817,-0.737281045,-0.750535383,-0.474278822,-0.473407725,-0.506187814,0.553,0,-0.17549254,,,,,,,,,,
772,0.826912817,-0.737281045,1.402885049,-0.474278822,-0.473407725,-0.490004587,0.337,0,-0.175524893,,,,,,,,,,
662,0.826912817,-0.737281045,0.787622069,-0.474278822,-0.473407725,-0.502666221,0.389,0,-0.176107035,,,,,,,,,,
819,0.826912817,-0.737281045,1.018345686,-0.474278822,-0.473407725,-0.518261845,0.337,0,-0.176263699,,,,,,,,,,
129,0.826912817,1.354812621,0.018543343,0.432550428,0.767198989,-0.198132998,0.337,1,-0.17628827,,,,,,,,,,
593,0.826912817,-0.737281045,1.325977177,-0.474278822,-0.473407725,-0.502163137,0.337,0,-0.177266298,,,,,,,,,,
824,0.826912817,1.354812621,-0.212180275,-0.474278822,0.767198989,-0.397018449,0.337,1,-0.17784981,,,,,,,,,,
303,0.826912817,-0.737281045,-0.827443256,-0.474278822,-0.473407725,-0.648057678,0.337,0,-0.178379947,,,,,,,,,,
686,-0.369157507,-0.737281045,-0.36599602,0.432550428,2.007805702,0.188656575,0.389,0,-0.179343648,,,,,,,,,,
786,0.826912817,-0.737281045,-0.36599602,-0.474278822,-0.473407725,-0.502163137,0.553,0,-0.180688501,,,,,,,,,,
756,-0.369157507,-0.737281045,-2.237164561,0.432550428,0.767198989,-0.356268595,0.337,1,-0.180791664,,,,,,,,,,
694,0.826912817,-0.737281045,-0.36599602,-0.474278822,-0.473407725,-0.502666221,0.553,0,-0.180811711,,,,,,,,,,
6,0.826912817,-0.737281045,0.018543343,-0.474278822,-0.473407725,-0.47784805,0.553,0,-0.180915166,,,,,,,,,,
414,-0.369157507,-0.737281045,0.018543343,-0.474278822,-0.473407725,-0.648057678,0.553,0,-0.181140829,,,,,,,,,,
467,-0.369157507,-0.737281045,0.018543343,-0.474278822,-0.473407725,-0.648057678,0.553,0,-0.181140829,,,,,,,,,,
856,0.826912817,1.354812621,-0.904351128,-0.474278822,0.767198989,-0.459904028,0.337,1,-0.182124078,,,,,,,,,,
423,0.826912817,-0.737281045,-0.05836453,-0.474278822,-0.473407725,-0.489586021,0.553,0,-0.182553568,,,,,,,,,,
445,0.826912817,-0.737281045,0.018543343,-0.474278822,-0.473407725,-0.484806717,0.553,1,-0.182619404,,,,,,,,,,
46,0.826912817,-0.737281045,0.018543343,-0.474278822,-0.473407725,-0.486064428,0.553,0,-0.182927428,,,,,,,,,,
78,0.826912817,-0.737281045,0.018543343,-0.474278822,-0.473407725,-0.486064428,0.553,0,-0.182927428,,,,,,,,,,
158,0.826912817,-0.737281045,0.018543343,-0.474278822,-0.473407725,-0.486064428,0.553,0,-0.182927428,,,,,,,,,,
305,0.826912817,-0.737281045,0.018543343,-0.474278822,-0.473407725,-0.486064428,0.553,0,-0.182927428,,,,,,,,,,
465,0.826912817,-0.737281045,0.018543343,-0.474278822,-0.473407725,-0.486064428,0.553,0,-0.182927428,,,,,,,,,,
489,0.826912817,-0.737281045,0.018543343,-0.474278822,-0.473407725,-0.486064428,0.553,0,-0.182927428,,,,,,,,,,
590,0.826912817,-0.737281045,0.018543343,-0.474278822,-0.473407725,-0.486064428,0.553,0,-0.182927428,,,,,,,,,,
232,0.826912817,-0.737281045,-0.05836453,-0.474278822,-0.473407725,-0.491598359,0.553,0,-0.183046407,,,,,,,,,,
632,0.826912817,-0.737281045,1.633608667,-0.474278822,-0.473407725,-0.506103295,0.337,0,-0.183176588,,,,,,,,,,
602,0.826912817,-0.737281045,0.018543343,-0.474278822,-0.473407725,-0.489167454,0.553,0,-0.183687385,,,,,,,,,,
651,0.826912817,-0.737281045,0.018543343,-0.474278822,-0.473407725,-0.489167454,0.553,0,-0.183687385,,,,,,,,,,
153,0.826912817,-0.737281045,1.979694094,-0.474278822,-0.473407725,-0.486064428,0.337,0,-0.183832372,,,,,,,,,,
665,0.826912817,-0.737281045,-0.750535383,0.432550428,-0.473407725,-0.488579852,0.337,1,-0.183997018,,,,,,,,,,
777,0.826912817,-0.737281045,0.018543343,-0.474278822,-0.473407725,-0.492101444,0.553,0,-0.184405945,,,,,,,,,,
779,0.826912817,-0.737281045,0.018543343,-0.474278822,-0.473407725,-0.492352986,0.553,0,-0.18446755,,,,,,,,,,
722,0.826912817,-0.737281045,-0.981259001,0.432550428,-0.473407725,-0.506103295,0.337,0,-0.184579676,,,,,,,,,,
853,0.826912817,1.354812621,-1.596521982,0.432550428,0.767198989,-0.341260574,0.337,0,-0.18537856,,,,,,,,,,
404,0.826912817,-0.737281045,-0.135272403,0.432550428,-0.473407725,-0.329102025,0.553,0,-0.185451564,,,,,,,,,,
750,0.826912817,-0.737281045,0.095451215,-0.474278822,-0.473407725,-0.492101444,0.553,0,-0.185642273,,,,,,,,,,
272,0.826912817,-0.737281045,-0.36599602,-0.474278822,-0.473407725,-0.648057678,0.337,1,-0.185797914,,,,,,,,,,
426,0.826912817,-0.737281045,0.018543343,-0.474278822,-0.473407725,-0.502163137,0.553,0,-0.18687014,,,,,,,,,,
37,0.826912817,-0.737281045,0.018543343,-0.474278822,-0.473407725,-0.502581703,0.553,1,-0.18697265,,,,,,,,,,
525,0.826912817,-0.737281045,0.018543343,-0.474278822,-0.473407725,-0.502581703,0.553,0,-0.18697265,,,,,,,,,,
355,0.826912817,-0.737281045,0.018543343,-0.474278822,-0.473407725,-0.502666221,0.553,0,-0.18699335,,,,,,,,,,
523,0.826912817,-0.737281045,0.018543343,-0.474278822,-0.473407725,-0.502666221,0.553,0,-0.18699335,,,,,,,,,,
599,0.826912817,-0.737281045,0.018543343,-0.474278822,-0.473407725,-0.502666221,0.553,0,-0.18699335,,,,,,,,,,
774,0.826912817,-0.737281045,0.018543343,-0.474278822,-0.473407725,-0.502666221,0.553,0,-0.18699335,,,,,,,,,,
41,0.826912817,1.354812621,0.787622069,0.432550428,-0.473407725,-0.457388605,0.553,0,-0.188209724,,,,,,,,,,
126,0.826912817,-0.737281045,-1.365798364,0.432550428,-0.473407725,-0.42183662,0.553,1,-0.188381818,,,,,,,,,,
412,0.826912817,-0.737281045,0.018543343,-0.474278822,-0.473407725,-0.510045466,0.553,0,-0.18880059,,,,,,,,,,
47,0.826912817,-0.737281045,0.018543343,0.432550428,-0.473407725,-0.33614521,0.553,0,-0.189649156,,,,,,,,,,
365,0.826912817,-0.737281045,0.018543343,0.432550428,-0.473407725,-0.33614521,0.553,0,-0.189649156,,,,,,,,,,
1,0.826912817,-0.737281045,-0.596719638,0.432550428,-0.473407725,-0.502163137,0.337,0,-0.189796336,,,,,,,,,,
472,0.826912817,-0.737281045,0.633806323,-0.474278822,-0.473407725,-0.473738855,0.553,0,-0.189799411,,,,,,,,,,
190,0.826912817,-0.737281045,0.479990578,-0.474278822,-0.473407725,-0.489167454,0.553,0,-0.191105352,,,,,,,,,,
705,0.826912817,-0.737281045,-0.289088148,0.432550428,-0.473407725,-0.490004587,0.337,0,-0.191763914,,,,,,,,,,
280,0.826912817,1.354812621,0.403082706,0.432550428,0.767198989,-0.24055913,0.337,1,-0.192860433,,,,,,,,,,
664,0.826912817,-0.737281045,0.479990578,-0.474278822,-0.473407725,-0.497216808,0.553,0,-0.193076708,,,,,,,,,,
420,0.826912817,1.354812621,-1.519614109,-0.474278822,2.007805702,-0.162077929,0.337,0,-0.193850449,,,,,,,,,,
350,0.826912817,-0.737281045,0.941437814,-0.474278822,-0.473407725,-0.473738855,0.553,0,-0.194744722,,,,,,,,,,
173,0.826912817,1.354812621,-2.211784963,0.432550428,0.767198989,-0.424017995,0.337,1,-0.195755941,,,,,,,,,,
562,0.826912817,-0.737281045,0.787622069,-0.474278822,-0.473407725,-0.489167454,0.553,0,-0.196050663,,,,,,,,,,
185,0.826912817,1.354812621,-1.981061345,-0.474278822,2.007805702,-0.204840122,0.337,1,-0.196905311,,,,,,,,,,
281,0.826912817,-0.737281045,2.710318883,-0.474278822,-0.473407725,-0.492101444,0.337,0,-0.197056003,,,,,,,,,,
215,0.826912817,-0.737281045,0.018543343,0.432550428,-0.473407725,-0.492101444,0.337,0,-0.197222763,,,,,,,,,,
800,0.826912817,1.354812621,0.018543343,0.432550428,0.767198989,-0.162077929,0.553,0,-0.198079488,,,,,,,,,,
470,0.826912817,1.354812621,-2.231011931,1.339379678,0.767198989,-0.260515491,0.337,1,-0.198841923,,,,,,,,,,
327,0.826912817,-0.737281045,2.402687393,-0.474278822,-0.473407725,-0.522538064,0.337,0,-0.199564882,,,,,,,,,,
697,0.826912817,-0.737281045,1.095253559,-0.474278822,-0.473407725,-0.486064428,0.553,0,-0.200236017,,,,,,,,,,
86,0.826912817,1.354812621,0.24926696,2.246208929,-0.473407725,-0.329102025,0.337,1,-0.204391995,,,,,,,,,,
204,0.826912817,-0.737281045,1.210615368,-0.474278822,-0.473407725,-0.502666221,0.553,0,-0.20615643,,,,,,,,,,
473,-0.369157507,1.354812621,0.24926696,0.432550428,2.007805702,-0.089633742,0.337,1,-0.206521879,,,,,,,,,,
130,0.826912817,-0.737281045,1.172161432,-0.474278822,-0.473407725,-0.507697067,0.553,0,-0.206770364,,,,,,,,,,
483,0.826912817,-0.737281045,1.556700794,-0.474278822,-0.473407725,-0.486064428,0.553,0,-0.207653983,,,,,,,,,,
804,0.826912817,-0.737281045,-2.256391529,-0.474278822,0.767198989,-0.476672845,0.337,1,-0.207992522,,,,,,,,,,
852,0.826912817,-0.737281045,3.402489737,-0.474278822,-0.473407725,-0.491598359,0.337,0,-0.208059743,,,,,,,,,,
223,0.826912817,-0.737281045,1.633608667,-0.474278822,-0.473407725,-0.486064428,0.553,0,-0.208890311,,,,,,,,,,
407,0.826912817,-0.737281045,1.633608667,-0.474278822,-0.473407725,-0.492101444,0.553,0,-0.210368828,,,,,,,,,,
449,0.826912817,1.354812621,-1.904153472,1.339379678,0.767198989,-0.260515491,0.389,1,-0.211468138,,,,,,,,,,
658,0.826912817,1.354812621,0.172359088,0.432550428,0.767198989,-0.33614521,0.337,0,-0.212561302,,,,,,,,,,
747,0.826912817,-0.737281045,-1.058166874,0.432550428,0.767198989,-0.24055913,0.337,0,-0.212866464,,,,,,,,,,
424,0.826912817,1.354812621,-0.135272403,0.432550428,0.767198989,-0.358280933,0.337,0,-0.21303722,,,,,,,,,,
598,0.826912817,-0.737281045,1.479792922,-0.474278822,-0.473407725,-0.648057678,0.337,0,-0.21546978,,,,,,,,,,
329,0.826912817,1.354812621,0.095451215,0.432550428,0.767198989,-0.235025199,0.553,1,-0.217181229,,,,,,,,,,
248,-0.369157507,1.354812621,-0.442903893,-0.474278822,2.007805702,-0.356268595,0.337,1,-0.217257863,,,,,,,,,,
349,0.826912817,-0.737281045,-2.057969217,0.432550428,0.767198989,-0.328095856,0.337,1,-0.218232699,,,,,,,,,,
372,0.826912817,-0.737281045,-0.904351128,0.432550428,-0.473407725,-0.517340194,0.553,0,-0.219189431,,,,,,,,,,
149,-0.369157507,-0.737281045,0.518444514,-0.474278822,2.007805702,-0.124849666,0.337,0,-0.219531735,,,,,,,,,,
363,0.826912817,1.354812621,1.172161432,-0.474278822,0.767198989,-0.357190246,0.553,0,-0.220970855,,,,,,,,,,
268,0.826912817,-0.737281045,-0.36599602,0.432550428,-0.473407725,-0.491598359,0.553,1,-0.221539329,,,,,,,,,,
443,0.826912817,-0.737281045,-0.36599602,0.432550428,-0.473407725,-0.491598359,0.553,0,-0.221539329,,,,,,,,,,
95,0.826912817,-0.737281045,2.248871648,-0.474278822,-0.473407725,-0.502163137,0.553,0,-0.222723645,,,,,,,,,,
861,0.826912817,-0.737281045,0.864529941,1.339379678,-0.473407725,-0.364150925,0.337,0,-0.22292442,,,,,,,,,,
382,0.826912817,1.354812621,-2.211784963,-0.474278822,2.007805702,-0.331281387,0.337,1,-0.22416288,,,,,,,,,,
161,0.826912817,-0.737281045,1.095253559,-0.474278822,0.767198989,-0.324071178,0.337,0,-0.224498228,,,,,,,,,,
418,-0.369157507,1.354812621,-0.904351128,-0.474278822,2.007805702,-0.386453672,0.389,1,-0.224604303,,,,,,,,,,
490,0.826912817,-0.737281045,-1.596521982,0.432550428,0.767198989,-0.328095856,0.337,1,-0.225650666,,,,,,,,,,
752,0.826912817,-0.737281045,-1.8272456,-0.474278822,0.767198989,-0.397018449,0.553,1,-0.226004599,,,,,,,,,,
165,0.826912817,-0.737281045,-2.211784963,3.153038179,0.767198989,0.150589167,0.337,0,-0.228840667,,,,,,,,,,
645,0.826912817,1.354812621,-2.231011931,1.339379678,0.767198989,-0.260515491,0.553,1,-0.229463337,,,,,,,,,,
180,0.826912817,-0.737281045,0.479990578,-0.474278822,-0.473407725,-0.648057678,0.553,0,-0.230018933,,,,,,,,,,
478,0.826912817,-0.737281045,-0.05836453,0.432550428,-0.473407725,-0.506272332,0.553,0,-0.230078422,,,,,,,,,,
70,0.826912817,-0.737281045,-0.289088148,1.339379678,-0.473407725,-0.473738855,0.337,0,-0.231218529,,,,,,,,,,
549,0.826912817,-0.737281045,0.24926696,0.432550428,0.767198989,-0.235025199,0.337,0,-0.232528729,,,,,,,,,,
252,0.826912817,1.354812621,-0.05836453,0.432550428,0.767198989,-0.437516762,0.337,0,-0.233679083,,,,,,,,,,
117,0.826912817,-0.737281045,3.133312183,-0.474278822,-0.473407725,-0.492101444,0.553,0,-0.23447722,,,,,,,,,,
375,0.826912817,1.354812621,-2.057969217,2.246208929,0.767198989,-0.223957338,0.337,0,-0.236108488,,,,,,,,,,
51,0.826912817,-0.737281045,-1.750337727,3.153038179,0.767198989,0.150589167,0.337,0,-0.236258633,,,,,,,,,,
393,0.826912817,-0.737281045,-0.135272403,1.339379678,-0.473407725,-0.488579852,0.337,0,-0.237325872,,,,,,,,,,
825,0.826912817,-0.737281045,-2.13487709,3.153038179,0.767198989,0.150589167,0.389,0,-0.237448816,,,,,,,,,,
623,0.826912817,-0.737281045,-0.750535383,0.432550428,0.767198989,-0.331281387,0.337,1,-0.240030436,,,,,,,,,,
25,0.826912817,1.354812621,-1.673429854,2.246208929,0.767198989,-0.223957338,0.337,0,-0.242290127,,,,,,,,,,
870,0.826912817,-0.737281045,-1.981061345,0.432550428,0.767198989,-0.424017995,0.337,1,-0.242961183,,,,,,,,,,
687,0.826912817,-0.737281045,-1.211982619,3.153038179,0.767198989,0.150589167,0.337,0,-0.244912928,,,,,,,,,,
425,0.826912817,-0.737281045,-0.904351128,0.432550428,0.767198989,-0.241313757,0.553,0,-0.246145348,,,,,,,,,,
267,0.826912817,-0.737281045,-1.058166874,3.153038179,0.767198989,0.150589167,0.337,0,-0.247385583,,,,,,,,,,
230,0.826912817,1.354812621,0.018543343,2.246208929,0.767198989,-0.135581467,0.337,0,-0.247845328,,,,,,,,,,
105,0.826912817,-0.737281045,0.556898451,1.339379678,-0.473407725,-0.488579852,0.337,0,-0.248452822,,,,,,,,,,
596,0.826912817,-0.737281045,0.479990578,0.432550428,0.767198989,-0.162077929,0.553,0,-0.248993713,,,,,,,,,,
166,0.826912817,-0.737281045,-1.596521982,-0.474278822,2.007805702,-0.235025199,0.337,1,-0.253975794,,,,,,,,,,
66,0.826912817,-0.737281045,0.018543343,0.432550428,0.767198989,-0.341260574,0.337,1,-0.254837702,,,,,,,,,,
710,0.826912817,-0.737281045,0.018543343,0.432550428,0.767198989,-0.341260574,0.337,1,-0.254837702,,,,,,,,,,
486,0.826912817,1.354812621,0.018543343,2.246208929,0.767198989,-0.135581467,0.389,0,-0.25521715,,,,,,,,,,
534,0.826912817,1.354812621,0.018543343,-0.474278822,2.007805702,-0.198132998,0.553,1,-0.258028615,,,,,,,,,,
148,0.826912817,1.354812621,-1.596521982,1.339379678,2.007805702,0.043683684,0.553,0,-0.259719214,,,,,,,,,,
198,0.826912817,-0.737281045,0.941437814,-0.474278822,0.767198989,-0.478936725,0.337,0,-0.259953475,,,,,,,,,,
451,-0.369157507,-0.737281045,0.479990578,0.432550428,2.007805702,-0.089633742,0.389,0,-0.261098943,,,,,,,,,,
256,0.826912817,1.354812621,-0.05836453,-0.474278822,2.007805702,-0.341260574,0.337,1,-0.261224046,,,,,,,,,,
617,0.826912817,-0.737281045,0.326174833,0.432550428,0.767198989,-0.358280933,0.337,0,-0.263951445,,,,,,,,,,
889,0.826912817,1.354812621,0.018543343,0.432550428,2.007805702,-0.176164298,0.337,0,-0.26546511,,,,,,,,,,
530,-0.369157507,-0.737281045,-0.519811766,1.339379678,0.767198989,-0.41663875,0.337,0,-0.266622265,,,,,,,,,,
141,0.826912817,1.354812621,0.018543343,-0.474278822,2.007805702,-0.341260574,0.389,0,-0.269832196,,,,,,,,,,
437,0.826912817,1.354812621,-0.673627511,1.339379678,2.007805702,0.043683684,0.553,0,-0.274555147,,,,,,,,,,
353,0.826912817,-0.737281045,-1.135074746,0.432550428,0.767198989,-0.502581703,0.337,0,-0.275801716,,,,,,,,,,
176,0.826912817,-0.737281045,-0.904351128,0.432550428,0.767198989,-0.490004587,0.337,0,-0.276430455,,,,,,,,,,
533,0.826912817,-0.737281045,-0.981259001,0.432550428,0.767198989,-0.502581703,0.337,0,-0.278274371,,,,,,,,,,
8,0.826912817,-0.737281045,-2.13487709,2.246208929,0.767198989,-0.223957338,0.337,0,-0.278368419,,,,,,,,,,
410,0.826912817,1.354812621,0.018543343,2.246208929,0.767198989,-0.135581467,0.553,0,-0.278466742,,,,,,,,,,
395,0.826912817,1.354812621,-0.442903893,-0.474278822,2.007805702,-0.311997147,0.553,1,-0.278496957,,,,,,,,,,
9,0.826912817,1.354812621,-0.212180275,-0.474278822,2.007805702,-0.424017995,0.337,1,-0.279019394,,,,,,,,,,
17,0.826912817,-0.737281045,-2.13487709,3.153038179,0.767198989,-0.061964088,0.337,0,-0.282133113,,,,,,,,,,
255,0.826912817,1.354812621,0.864529941,-0.474278822,2.007805702,-0.241313757,0.553,0,-0.282203559,,,,,,,,,,
172,0.826912817,-0.737281045,-1.981061345,3.153038179,0.767198989,-0.061964088,0.337,0,-0.284605768,,,,,,,,,,
789,0.826912817,-0.737281045,-2.211784963,0.432550428,2.007805702,-0.23401903,0.337,1,-0.287276984,,,,,,,,,,
279,0.826912817,-0.737281045,-1.750337727,3.153038179,0.767198989,-0.061964088,0.337,0,-0.288314752,,,,,,,,,,
788,0.826912817,-0.737281045,-1.673429854,3.153038179,0.767198989,-0.061964088,0.337,0,-0.28955108,,,,,,,,,,
643,0.826912817,1.354812621,-2.13487709,2.246208929,2.007805702,-0.086615234,0.337,0,-0.295793062,,,,,,,,,,
189,0.826912817,-0.737281045,0.787622069,0.432550428,0.767198989,-0.33614521,0.553,0,-0.296569597,,,,,,,,,,
594,0.826912817,1.354812621,0.018543343,-0.474278822,2.007805702,-0.492101444,0.337,0,-0.299402599,,,,,,,,,,
635,0.826912817,1.354812621,-1.596521982,2.246208929,2.007805702,-0.086615234,0.337,0,-0.304447357,,,,,,,,,,
784,0.826912817,-0.737281045,0.018543343,0.432550428,2.007805702,-0.176164298,0.337,0,-0.308961369,,,,,,,,,,
72,0.826912817,1.354812621,-1.058166874,4.059867429,2.007805702,0.295729082,0.389,0,-0.31371053,,,,,,,,,,
177,0.826912817,-0.737281045,0.018543343,2.246208929,0.767198989,-0.135581467,0.553,0,-0.321963001,,,,,,,,,,
94,0.826912817,-0.737281045,-0.289088148,0.432550428,2.007805702,-0.23401903,0.389,0,-0.325557001,,,,,,,,,,
234,0.826912817,1.354812621,-1.904153472,3.153038179,2.007805702,-0.016434929,0.337,1,-0.325752519,,,,,,,,,,
814,0.826912817,1.354812621,-1.8272456,3.153038179,2.007805702,-0.01869881,0.337,0,-0.32754329,,,,,,,,,,
737,0.826912817,1.354812621,1.402885049,0.432550428,3.248412416,0.043683684,0.337,0,-0.328433514,,,,,,,,,,
542,0.826912817,1.354812621,-1.596521982,3.153038179,2.007805702,-0.01869881,0.337,0,-0.331252274,,,,,,,,,,
387,0.826912817,-0.737281045,-2.211784963,4.059867429,2.007805702,0.295729082,0.337,0,-0.331290051,,,,,,,,,,
87,0.826912817,-0.737281045,-1.058166874,0.432550428,3.248412416,0.043683684,0.337,0,-0.332367284,,,,,,,,,,
481,0.826912817,-0.737281045,-1.596521982,4.059867429,2.007805702,0.295729082,0.337,0,-0.341180673,,,,,,,,,,
181,0.826912817,1.354812621,0.018543343,6.78035518,2.007805702,0.751523754,0.337,0,-0.342333964,,,,,,,,,,
793,0.826912817,1.354812621,0.018543343,6.78035518,2.007805702,0.751523754,0.337,0,-0.342333964,,,,,,,,,,
864,0.826912817,1.354812621,0.018543343,6.78035518,2.007805702,0.751523754,0.337,0,-0.342333964,,,,,,,,,,
60,0.826912817,-0.737281045,-1.442706237,4.059867429,2.007805702,0.295729082,0.337,0,-0.343653328,,,,,,,,,,
684,0.826912817,-0.737281045,-1.211982619,4.059867429,2.007805702,0.295729082,0.337,0,-0.347362312,,,,,,,,,,
775,-0.369157507,1.354812621,1.864332285,0.432550428,3.248412416,-0.185219821,0.337,1,-0.350451778,,,,,,,,,,
120,0.826912817,1.354812621,-2.13487709,3.153038179,2.007805702,-0.01869881,0.553,0,-0.353219393,,,,,,,,,,
154,0.826912817,-0.737281045,0.826076005,-0.474278822,2.007805702,-0.356268595,0.553,0,-0.353235082,,,,,,,,,,
820,0.826912817,-0.737281045,-1.519614109,2.246208929,2.007805702,-0.086615234,0.389,0,-0.356551765,,,,,,,,,,
859,0.826912817,1.354812621,-0.442903893,-0.474278822,3.248412416,-0.260515491,0.553,1,-0.36044582,,,,,,,,,,
543,0.826912817,1.354812621,-1.442706237,3.153038179,2.007805702,-0.01869881,0.553,0,-0.364346343,,,,,,,,,,
851,0.826912817,-0.737281045,-1.981061345,3.153038179,2.007805702,-0.01869881,0.337,0,-0.368566894,,,,,,,,,,
64,0.826912817,-0.737281045,-1.981061345,2.246208929,2.007805702,-0.086615234,0.553,0,-0.372383391,,,,,,,,,,
183,0.826912817,-0.737281045,-1.596521982,3.153038179,2.007805702,-0.016434929,0.337,0,-0.374194089,,,,,,,,,,
438,-0.369157507,1.354812621,-0.442903893,1.339379678,3.248412416,-0.270744208,0.337,1,-0.377745834,,,,,,,,,,
202,0.826912817,-0.737281045,0.018543343,6.78035518,2.007805702,0.751523754,0.337,0,-0.385830223,,,,,,,,,,
325,0.826912817,-0.737281045,0.018543343,6.78035518,2.007805702,0.751523754,0.337,0,-0.385830223,,,,,,,,,,
160,0.826912817,-0.737281045,0.018543343,6.78035518,2.007805702,0.751523754,0.389,0,-0.393202045,,,,,,,,,,
847,0.826912817,-0.737281045,0.018543343,6.78035518,2.007805702,0.751523754,0.389,0,-0.393202045,,,,,,,,,,
262,0.826912817,-0.737281045,-2.057969217,3.153038179,2.007805702,-0.016434929,0.553,1,-0.397397536,,,,,,,,,,
568,0.826912817,1.354812621,-0.05836453,-0.474278822,4.489019129,-0.223957338,0.337,0,-0.421609803,,,,,,,,,,
639,0.826912817,1.354812621,0.864529941,-0.474278822,5.729625843,0.150589167,0.337,0,-0.439273243,,,,,,,,,,
168,0.826912817,1.354812621,1.172161432,0.432550428,4.489019129,-0.086615234,0.337,0,-0.451193019,,,,,,,,,,
69,0.826912817,1.354812621,-0.981259001,3.153038179,2.007805702,-0.488579852,0.382322835,1,-0.462646028,,,,,,,,,,
361,0.826912817,-0.737281045,0.787622069,0.432550428,4.489019129,-0.086615234,0.337,0,-0.488507639,,,,,,,,,,
886,0.826912817,1.354812621,0.710714196,-0.474278822,5.729625843,-0.061964088,0.553,0,-0.519478119,,,,,,,,,,
26,0.826912817,1.354812621,0.633806323,0.432550428,5.729625843,-0.016434929,0.337,1,-0.519908128,,,,,,,,,,
611,0.826912817,1.354812621,0.710714196,0.432550428,5.729625843,-0.01869881,0.389,0,-0.529070722,,,,,,,,,,
679,0.826912817,1.354812621,1.018345686,0.432550428,6.970232556,0.295729082,0.337,0,-0.544195282,,,,,,,,,,
14,0.826912817,-0.737281045,0.710714196,0.432550428,5.729625843,-0.01869881,0.337,0,-0.565195159,,,,,,,,,,
